-- phpMyAdmin SQL Dump
-- version 4.7.0
-- https://www.phpmyadmin.net/
--
-- Host: 127.0.0.1
-- Generation Time: Dec 01, 2017 at 07:37 PM
-- Server version: 10.1.25-MariaDB
-- PHP Version: 5.6.31

SET SQL_MODE = "NO_AUTO_VALUE_ON_ZERO";
SET AUTOCOMMIT = 0;
START TRANSACTION;
SET time_zone = "+00:00";


/*!40101 SET @OLD_CHARACTER_SET_CLIENT=@@CHARACTER_SET_CLIENT */;
/*!40101 SET @OLD_CHARACTER_SET_RESULTS=@@CHARACTER_SET_RESULTS */;
/*!40101 SET @OLD_COLLATION_CONNECTION=@@COLLATION_CONNECTION */;
/*!40101 SET NAMES utf8mb4 */;

--
-- Database: `ezhel`
--

-- --------------------------------------------------------

--
-- Table structure for table `customers`
--

CREATE TABLE `customers` (
  `id` int(11) NOT NULL,
  `user_id` int(11) NOT NULL,
  `name` varchar(25) NOT NULL,
  `username` varchar(75) NOT NULL,
  `notencypt_pwd` varchar(25) NOT NULL,
  `phone_number` varchar(75) NOT NULL,
  `facebook` enum('Yes','No') NOT NULL DEFAULT 'No',
  `status` enum('0','1') NOT NULL DEFAULT '1',
  `created` datetime NOT NULL
) ENGINE=InnoDB DEFAULT CHARSET=utf8;

--
-- Dumping data for table `customers`
--

INSERT INTO `customers` (`id`, `user_id`, `name`, `username`, `notencypt_pwd`, `phone_number`, `facebook`, `status`, `created`) VALUES
(1, 0, 'sundar', 'test@gmail.com', '', '9632587410', 'No', '1', '2017-12-01 17:27:12'),
(2, 0, 'sundaramoorthy', 'sundar@gmail.com', '', '9500641657', 'No', '1', '2017-12-01 17:35:42'),
(3, 0, 'sundaramoorthy', 'agsgroup93@gmail.com', '', '8144855181', 'No', '1', '2017-12-01 17:46:35');

-- --------------------------------------------------------

--
-- Table structure for table `formfield_answers`
--

CREATE TABLE `formfield_answers` (
  `id` int(11) NOT NULL,
  `field_id` int(11) NOT NULL,
  `answer` varchar(500) CHARACTER SET utf8 NOT NULL,
  `created` datetime NOT NULL,
  `modified` datetime NOT NULL
) ENGINE=InnoDB DEFAULT CHARSET=latin1;

--
-- Dumping data for table `formfield_answers`
--

INSERT INTO `formfield_answers` (`id`, `field_id`, `answer`, `created`, `modified`) VALUES
(10, 4, 'Engagement', '2017-09-09 10:38:21', '2017-09-09 10:38:21'),
(11, 4, 'Sangeet/Mehndi', '2017-09-09 10:38:21', '2017-09-09 10:38:21'),
(12, 4, 'Wedding', '2017-09-09 10:38:22', '2017-09-09 10:38:22'),
(13, 4, 'Reception', '2017-09-09 10:38:22', '2017-09-09 10:38:22'),
(14, 4, 'Other', '2017-09-09 10:38:22', '2017-09-09 10:38:22'),
(19, 3, '1 Day', '2017-09-09 16:44:07', '2017-09-09 16:44:07'),
(20, 3, '2 Day', '2017-09-09 16:44:07', '2017-09-09 16:44:07'),
(21, 3, '3 Day', '2017-09-09 16:44:07', '2017-09-09 16:44:07'),
(22, 6, '1', '2017-09-09 16:47:27', '2017-09-09 16:47:27'),
(23, 6, '2', '2017-09-09 16:47:27', '2017-09-09 16:47:27'),
(24, 6, '3', '2017-09-09 16:47:27', '2017-09-09 16:47:27'),
(25, 6, '4', '2017-09-09 16:47:27', '2017-09-09 16:47:27'),
(32, 1, 'I am', '2017-09-09 16:56:36', '2017-09-09 16:56:36'),
(33, 1, 'Someone I know', '2017-09-09 16:56:36', '2017-09-09 16:56:36'),
(34, 2, 'Bride', '2017-09-09 16:56:43', '2017-09-09 16:56:43'),
(35, 2, 'Bride\'s Relative', '2017-09-09 16:56:43', '2017-09-09 16:56:43'),
(36, 2, 'Groom', '2017-09-09 16:56:43', '2017-09-09 16:56:43'),
(37, 2, 'Groom\'s Relative', '2017-09-09 16:56:43', '2017-09-09 16:56:43');

-- --------------------------------------------------------

--
-- Table structure for table `form_fields`
--

CREATE TABLE `form_fields` (
  `id` int(11) NOT NULL,
  `cat_id` int(11) NOT NULL,
  `subcat_id` int(11) NOT NULL,
  `sibling_id` int(11) NOT NULL,
  `field_type` enum('text','textarea','radio','select','checkbox') CHARACTER SET utf8 NOT NULL,
  `question` text CHARACTER SET utf8 NOT NULL,
  `status` enum('0','1') CHARACTER SET utf8 NOT NULL DEFAULT '0',
  `created` datetime NOT NULL,
  `modified` datetime NOT NULL
) ENGINE=InnoDB DEFAULT CHARSET=latin1;

--
-- Dumping data for table `form_fields`
--

INSERT INTO `form_fields` (`id`, `cat_id`, `subcat_id`, `sibling_id`, `field_type`, `question`, `status`, `created`, `modified`) VALUES
(1, 14, 19, 0, 'radio', 'Who is getting married?', '1', '2017-09-09 10:34:18', '2017-09-09 16:56:36'),
(2, 14, 19, 0, 'radio', 'What best describes you?', '1', '2017-09-09 10:36:31', '2017-09-09 16:56:43'),
(3, 14, 20, 0, 'checkbox', 'Photographer required for:', '1', '2017-09-09 10:37:12', '2017-09-09 16:44:07'),
(4, 14, 19, 0, 'checkbox', 'Events to be covered', '1', '2017-09-09 10:38:21', '2017-09-09 10:38:45'),
(5, 14, 19, 0, 'textarea', 'Please specify the event', '1', '2017-09-09 12:25:34', '2017-09-09 12:25:37'),
(6, 14, 19, 15, 'textarea', 'Events', '1', '2017-09-09 12:28:17', '2017-09-09 16:47:27');

-- --------------------------------------------------------

--
-- Table structure for table `languages`
--

CREATE TABLE `languages` (
  `id` int(11) NOT NULL,
  `name` varchar(75) NOT NULL,
  `code` varchar(25) NOT NULL,
  `flag` varchar(255) NOT NULL,
  `status` enum('0','1') NOT NULL DEFAULT '1',
  `deleted_status` enum('Yes','No') NOT NULL DEFAULT 'No',
  `created` datetime NOT NULL
) ENGINE=InnoDB DEFAULT CHARSET=utf8;

--
-- Dumping data for table `languages`
--

INSERT INTO `languages` (`id`, `name`, `code`, `flag`, `status`, `deleted_status`, `created`) VALUES
(1, 'English', 'EN', '67001503689430.jpg', '1', 'No', '2017-06-18 10:20:18'),
(2, 'Arabic', 'AR', '290791503689443.png', '1', 'No', '2017-06-18 19:39:28');

-- --------------------------------------------------------

--
-- Table structure for table `main_categories`
--

CREATE TABLE `main_categories` (
  `id` int(11) NOT NULL,
  `maincatname` varchar(255) CHARACTER SET utf8 NOT NULL,
  `status` enum('0','1') CHARACTER SET utf8 NOT NULL DEFAULT '1',
  `maincatseo_url` varchar(255) CHARACTER SET utf8 NOT NULL,
  `maincat_photo` varchar(255) NOT NULL,
  `meta_name` varchar(25) NOT NULL,
  `meta_description` text NOT NULL,
  `meta_keyword` varchar(25) NOT NULL,
  `modified` datetime NOT NULL,
  `created` datetime NOT NULL
) ENGINE=MyISAM DEFAULT CHARSET=latin1;

--
-- Dumping data for table `main_categories`
--

INSERT INTO `main_categories` (`id`, `maincatname`, `status`, `maincatseo_url`, `maincat_photo`, `meta_name`, `meta_description`, `meta_keyword`, `modified`, `created`) VALUES
(14, 'Wedding Services', '1', '', '49691504683881.jpeg', '', '', '', '2017-09-06 07:44:41', '2017-09-06 07:44:41'),
(15, 'Shifting Homes', '1', '', '34991504684732.jpeg', '', '', '', '2017-09-06 07:58:52', '2017-09-06 07:45:51'),
(16, 'Home Design & Construction', '1', '', '35261504684748.jpeg', '', '', '', '2017-09-06 07:59:08', '2017-09-06 07:46:20'),
(17, 'Repairs', '1', '', '71761504684756.jpeg', '', '', '', '2017-09-06 07:59:16', '2017-09-06 07:46:39'),
(18, 'Health and Wellness', '1', '', '40011504684762.jpeg', '', '', '', '2017-09-06 07:59:22', '2017-09-06 07:46:57'),
(19, 'Help For Your Business', '1', '', '224331504684642.jpeg', '', '', '', '2017-09-06 07:57:25', '2017-09-06 07:47:12');

-- --------------------------------------------------------

--
-- Table structure for table `memberships`
--

CREATE TABLE `memberships` (
  `id` int(11) NOT NULL,
  `package_name` varchar(25) NOT NULL,
  `amount` varchar(25) NOT NULL,
  `description` text NOT NULL,
  `validity` varchar(25) NOT NULL,
  `status` enum('0','1') NOT NULL DEFAULT '1',
  `delete_status` enum('Yes','No') NOT NULL DEFAULT 'No',
  `created` datetime NOT NULL
) ENGINE=InnoDB DEFAULT CHARSET=utf8;

-- --------------------------------------------------------

--
-- Table structure for table `projectanswers`
--

CREATE TABLE `projectanswers` (
  `id` int(11) NOT NULL,
  `project_id` int(25) NOT NULL,
  `formfield_id` int(25) NOT NULL,
  `answer` varchar(255) NOT NULL,
  `created` datetime NOT NULL
) ENGINE=InnoDB DEFAULT CHARSET=utf8;

--
-- Dumping data for table `projectanswers`
--

INSERT INTO `projectanswers` (`id`, `project_id`, `formfield_id`, `answer`, `created`) VALUES
(1, 1, 1, 'Someone I know', '0000-00-00 00:00:00'),
(2, 1, 2, 'Bride', '0000-00-00 00:00:00'),
(3, 1, 4, 'Engagement,Sangeet/Mehndi', '0000-00-00 00:00:00'),
(4, 1, 5, 'sdafdsf', '0000-00-00 00:00:00'),
(5, 1, 6, 'sdfdsfdsfdf', '0000-00-00 00:00:00'),
(6, 2, 1, 'Someone I know', '0000-00-00 00:00:00'),
(7, 2, 2, 'Bride', '0000-00-00 00:00:00'),
(8, 2, 4, 'Engagement,Sangeet/Mehndi', '0000-00-00 00:00:00'),
(9, 2, 5, 'sdafdsf', '0000-00-00 00:00:00'),
(10, 2, 6, 'sdfdsfdsfdf', '0000-00-00 00:00:00'),
(11, 3, 1, 'Someone I know', '0000-00-00 00:00:00'),
(12, 3, 2, 'Bride\'s Relative', '0000-00-00 00:00:00'),
(13, 3, 4, 'Sangeet/Mehndi,Wedding', '0000-00-00 00:00:00'),
(14, 3, 5, 'afdsfdsf', '0000-00-00 00:00:00'),
(15, 3, 6, 'dsafdsfdsf', '0000-00-00 00:00:00'),
(16, 4, 1, 'Someone I know', '0000-00-00 00:00:00'),
(17, 4, 2, 'Bride', '0000-00-00 00:00:00'),
(18, 4, 4, 'Sangeet/Mehndi,Wedding', '0000-00-00 00:00:00'),
(19, 4, 5, '32323', '0000-00-00 00:00:00'),
(20, 4, 6, '54545', '0000-00-00 00:00:00');

-- --------------------------------------------------------

--
-- Table structure for table `projects`
--

CREATE TABLE `projects` (
  `id` int(11) NOT NULL,
  `customer_id` int(75) NOT NULL,
  `serviceprovider_id` int(75) NOT NULL,
  `subcategory` int(75) NOT NULL,
  `service_area` varchar(255) NOT NULL,
  `service_lat` varchar(255) NOT NULL,
  `service_lng` varchar(255) NOT NULL,
  `serviceWhen` varchar(255) NOT NULL,
  `recurring` varchar(255) NOT NULL,
  `recurringDay` varchar(255) NOT NULL,
  `recurringTime` varchar(255) NOT NULL,
  `startDate` varchar(255) NOT NULL,
  `endDate` varchar(255) NOT NULL,
  `payrange` varchar(155) NOT NULL,
  `status` enum('pending','processing','completed','failed') NOT NULL DEFAULT 'pending',
  `failed_reason` varchar(75) NOT NULL,
  `delete_status` enum('Y','N') NOT NULL DEFAULT 'N',
  `hired_date` varchar(255) NOT NULL,
  `created` datetime NOT NULL,
  `modified` datetime NOT NULL
) ENGINE=InnoDB DEFAULT CHARSET=utf8;

--
-- Dumping data for table `projects`
--

INSERT INTO `projects` (`id`, `customer_id`, `serviceprovider_id`, `subcategory`, `service_area`, `service_lat`, `service_lng`, `serviceWhen`, `recurring`, `recurringDay`, `recurringTime`, `startDate`, `endDate`, `payrange`, `status`, `failed_reason`, `delete_status`, `hired_date`, `created`, `modified`) VALUES
(1, 0, 1, 19, 'Saudi Arabia', '', '', 'immediately', 'rrecurring', '', '6 AM - 9 AM', '', '', '0 -$25', 'completed', '', 'N', '', '2017-09-20 18:01:26', '2017-09-20 18:01:26'),
(2, 0, 2, 19, 'Saudi Arabia', '', '', 'immediately', 'rrecurring', '', '6 AM - 9 AM', '', '', '0 -$25', 'failed', '', 'N', '', '2017-09-20 18:01:29', '2017-09-20 18:01:29'),
(3, 0, 2, 19, 'Saudi Arabia', '', '', 'immediately', 'rrecurring', 'wednesday', '6 AM - 8 AM', '', '', '0 -$25', 'pending', '', 'N', '', '2017-09-20 18:09:18', '2017-09-20 18:09:18'),
(4, 2, 1, 19, 'Saudi Arabia', '', '', 'immediately', 'rrecurring', 'tuesday,wednesday', '6 AM - 8 AM', '', '', '0 -$25', 'pending', '', 'N', '', '2017-09-25 18:34:24', '2017-09-25 18:34:24');

-- --------------------------------------------------------

--
-- Table structure for table `serviceproviders`
--

CREATE TABLE `serviceproviders` (
  `id` int(11) NOT NULL,
  `business_name` varchar(255) NOT NULL,
  `firstname` varchar(75) NOT NULL,
  `lastname` varchar(75) NOT NULL,
  `profile_gender` enum('male','female') NOT NULL,
  `phone_number` varchar(255) NOT NULL,
  `username` varchar(255) NOT NULL,
  `address` varchar(255) NOT NULL,
  `service_category` text NOT NULL,
  `service_area` varchar(255) NOT NULL,
  `service_radius` varchar(25) NOT NULL,
  `service_lat` varchar(25) NOT NULL,
  `service_log` varchar(25) NOT NULL,
  `monday_firstopen_time` varchar(255) NOT NULL,
  `monday_secondopen_time` varchar(255) NOT NULL,
  `tuesday_firstopen_time` varchar(255) NOT NULL,
  `tuesday_secondopen_time` varchar(255) NOT NULL,
  `wednesday_firstopen_time` varchar(255) NOT NULL,
  `wednesday_secondopen_time` varchar(255) NOT NULL,
  `thursday_firstopen_time` varchar(255) NOT NULL,
  `thursday_secondopen_time` varchar(255) NOT NULL,
  `friday_firstopen_time` varchar(255) NOT NULL,
  `friday_secondopen_time` varchar(255) NOT NULL,
  `saturday_firstopen_time` varchar(255) NOT NULL,
  `saturday_secondopen_time` varchar(255) NOT NULL,
  `sunday_firstopen_time` varchar(255) NOT NULL,
  `sunday_secondopen_time` varchar(255) NOT NULL,
  `monday_status` varchar(75) NOT NULL,
  `tuesday_status` varchar(75) NOT NULL,
  `wednesday_status` varchar(75) NOT NULL,
  `thursday_status` varchar(75) NOT NULL,
  `friday_status` varchar(75) NOT NULL,
  `saturday_status` varchar(75) NOT NULL,
  `sunday_status` varchar(75) NOT NULL,
  `paytype` varchar(255) NOT NULL,
  `hourlyrate` varchar(255) NOT NULL,
  `servicepro_photo` varchar(255) NOT NULL,
  `job_request` enum('Y','N') NOT NULL DEFAULT 'N',
  `gender` enum('male','female') NOT NULL DEFAULT 'male',
  `experience` varchar(75) NOT NULL,
  `age` int(75) NOT NULL,
  `edu_qualification` varchar(255) NOT NULL,
  `sp_payment` enum('P','C') NOT NULL DEFAULT 'P',
  `language` varchar(255) NOT NULL,
  `specialization` text NOT NULL,
  `profile_description` text NOT NULL,
  `work_history` text NOT NULL,
  `email_verify` enum('0','1') NOT NULL DEFAULT '0',
  `phone_verify` enum('0','1') NOT NULL DEFAULT '0',
  `status` enum('0','1') NOT NULL DEFAULT '0',
  `delete_status` enum('Y','N') NOT NULL DEFAULT 'N',
  `created` datetime NOT NULL,
  `modified` datetime NOT NULL
) ENGINE=InnoDB DEFAULT CHARSET=utf8;

--
-- Dumping data for table `serviceproviders`
--

INSERT INTO `serviceproviders` (`id`, `business_name`, `firstname`, `lastname`, `profile_gender`, `phone_number`, `username`, `address`, `service_category`, `service_area`, `service_radius`, `service_lat`, `service_log`, `monday_firstopen_time`, `monday_secondopen_time`, `tuesday_firstopen_time`, `tuesday_secondopen_time`, `wednesday_firstopen_time`, `wednesday_secondopen_time`, `thursday_firstopen_time`, `thursday_secondopen_time`, `friday_firstopen_time`, `friday_secondopen_time`, `saturday_firstopen_time`, `saturday_secondopen_time`, `sunday_firstopen_time`, `sunday_secondopen_time`, `monday_status`, `tuesday_status`, `wednesday_status`, `thursday_status`, `friday_status`, `saturday_status`, `sunday_status`, `paytype`, `hourlyrate`, `servicepro_photo`, `job_request`, `gender`, `experience`, `age`, `edu_qualification`, `sp_payment`, `language`, `specialization`, `profile_description`, `work_history`, `email_verify`, `phone_verify`, `status`, `delete_status`, `created`, `modified`) VALUES
(1, 'Test', 'sundaramoorthy', 's', 'male', '9500641658', 'agsgroup93@gmail.com', 'Saudi Arabia', '19,20,21,22,25,23,24,26', 'Tabuk, Tabuk Province, Saudi Arabia', '15', '28.3835079', '36.5661908', '12:00 AM', '12:00 AM', '12:00 AM', '12:00 AM', '12:00 AM', '12:00 AM', '12:00 AM', '12:00 AM', '12:00 AM', '12:00 AM', '12:00 AM', '12:00 AM', '12:00 AM', '12:00 AM', '', '', '', '', '', '', '', 'cash,card', '25 - 30', '', 'N', 'female', '10', 25, 'B.TECH', 'P', 'english', '', 'safddf', 'fdsfdasfd', '0', '0', '0', 'N', '2017-09-26 09:14:01', '2017-09-26 14:43:50');

-- --------------------------------------------------------

--
-- Table structure for table `siblings`
--

CREATE TABLE `siblings` (
  `id` int(11) NOT NULL,
  `subcat_id` int(11) NOT NULL,
  `sibling` varchar(150) CHARACTER SET utf8 NOT NULL,
  `created` datetime NOT NULL,
  `modified` datetime NOT NULL
) ENGINE=InnoDB DEFAULT CHARSET=latin1;

--
-- Dumping data for table `siblings`
--

INSERT INTO `siblings` (`id`, `subcat_id`, `sibling`, `created`, `modified`) VALUES
(1, 5, 'Testing 1', '2017-08-25 16:42:56', '2017-08-25 16:42:56'),
(2, 5, 'Testing 2', '2017-08-25 16:42:56', '2017-08-25 16:42:56'),
(3, 5, 'Testing 3', '2017-08-25 16:42:56', '2017-08-25 16:42:56'),
(4, 6, 'Testing 11', '2017-08-25 16:45:11', '2017-08-25 16:45:11'),
(6, 18, 'Testing 11', '2017-08-25 17:02:16', '2017-08-25 17:02:16'),
(8, 20, '', '2017-09-06 08:03:39', '2017-09-06 08:03:39'),
(9, 21, '', '2017-09-06 08:03:58', '2017-09-06 08:03:58'),
(10, 22, '', '2017-09-06 08:04:09', '2017-09-06 08:04:09'),
(11, 23, '', '2017-09-06 08:04:25', '2017-09-06 08:04:25'),
(12, 24, '', '2017-09-06 08:04:39', '2017-09-06 08:04:39'),
(13, 25, '', '2017-09-06 08:04:54', '2017-09-06 08:04:54'),
(14, 26, '', '2017-09-06 08:05:08', '2017-09-06 08:05:08'),
(15, 19, '', '2017-09-09 10:30:11', '2017-09-09 10:30:11');

-- --------------------------------------------------------

--
-- Table structure for table `sitesettings`
--

CREATE TABLE `sitesettings` (
  `id` int(10) NOT NULL,
  `admin_name` varchar(100) NOT NULL,
  `admin_email` varchar(200) NOT NULL,
  `userfriendly` enum('Y','N') NOT NULL DEFAULT 'Y',
  `sitename` varchar(255) NOT NULL,
  `sitelogo` text NOT NULL,
  `site_fav_icon` varchar(255) NOT NULL,
  `fb_app_id` varchar(100) NOT NULL,
  `fb_appscrect_id` varchar(100) NOT NULL,
  `google_api` varchar(255) NOT NULL,
  `captcha_sitekey` varchar(255) NOT NULL,
  `captcha_secretkey` varchar(255) NOT NULL,
  `how_its_work_video_embeded_url` text NOT NULL,
  `mail_option` enum('smtp','normal') NOT NULL DEFAULT 'normal',
  `host_name` varchar(255) NOT NULL,
  `port_address` varchar(255) NOT NULL,
  `smtp_email` varchar(255) NOT NULL,
  `smtp_password` varchar(255) NOT NULL,
  `admin_page` int(20) NOT NULL,
  `user_page` int(20) NOT NULL,
  `offline_status` enum('Y','N') NOT NULL DEFAULT 'N',
  `offline_notes` text NOT NULL,
  `currency_option` enum('img','sym') NOT NULL DEFAULT 'img',
  `currency_image` text NOT NULL,
  `currency_symbol` text NOT NULL,
  `site_address` varchar(100) NOT NULL,
  `howmuch_contracrtor` int(11) NOT NULL,
  `timezone_id` int(11) NOT NULL,
  `google_analytic_code` text NOT NULL,
  `woopra_analytic_code` text NOT NULL,
  `site_metatag_title` text NOT NULL,
  `site_metatag_keyword` text NOT NULL,
  `site_metatag_desc` text NOT NULL,
  `sms_enable` enum('YES','NO') NOT NULL DEFAULT 'NO',
  `sms_auth_id` varchar(250) NOT NULL,
  `sms_auth_token` varchar(250) NOT NULL,
  `sms_from_no` varchar(250) NOT NULL,
  `paypal_enable` enum('YES','NO') NOT NULL DEFAULT 'NO',
  `paypal_mode` enum('Live','Test') NOT NULL DEFAULT 'Test',
  `paypal_url_test` varchar(100) NOT NULL,
  `business_test` varchar(100) NOT NULL,
  `paypal_url_live` varchar(100) NOT NULL,
  `business_live` varchar(100) NOT NULL,
  `stripe_enable` enum('YES','NO') NOT NULL DEFAULT 'NO',
  `stripe_payment_mode` enum('Live','Test') NOT NULL DEFAULT 'Test',
  `stripe_apikey_test` varchar(250) NOT NULL,
  `stripe_apikey_live` varchar(250) NOT NULL,
  `publisher_key_test` varchar(250) NOT NULL,
  `publisher_key_live` varchar(250) NOT NULL
) ENGINE=MyISAM DEFAULT CHARSET=utf8;

--
-- Dumping data for table `sitesettings`
--

INSERT INTO `sitesettings` (`id`, `admin_name`, `admin_email`, `userfriendly`, `sitename`, `sitelogo`, `site_fav_icon`, `fb_app_id`, `fb_appscrect_id`, `google_api`, `captcha_sitekey`, `captcha_secretkey`, `how_its_work_video_embeded_url`, `mail_option`, `host_name`, `port_address`, `smtp_email`, `smtp_password`, `admin_page`, `user_page`, `offline_status`, `offline_notes`, `currency_option`, `currency_image`, `currency_symbol`, `site_address`, `howmuch_contracrtor`, `timezone_id`, `google_analytic_code`, `woopra_analytic_code`, `site_metatag_title`, `site_metatag_keyword`, `site_metatag_desc`, `sms_enable`, `sms_auth_id`, `sms_auth_token`, `sms_from_no`, `paypal_enable`, `paypal_mode`, `paypal_url_test`, `business_test`, `paypal_url_live`, `business_live`, `stripe_enable`, `stripe_payment_mode`, `stripe_apikey_test`, `stripe_apikey_live`, `publisher_key_test`, `publisher_key_live`) VALUES
(1, 'Admin', 'agsgroup93@gmail.com', 'Y', 'Testing Project', '74801503607320.gif', '299751503607932.ico', '1599216480365595', 'c48dc57c094e8b13a2c57e9f08bacfe5', 'AIzaSyBxEUgy-s3dbtCVSoH9KpQKqgCE1suwtGQ', '6LepNyUTAAAAAD4pBCRGDUIsdTdVTkSFBEIzxH2v', '6LepNyUTAAAAAK1vto31Sh57ZQ4vkbqDo7hUwB2H', '//www.youtube.com/embed/4sg-f8LsXLs', 'normal', 'sadfsd', 'asdf', 'asd@gmail.com', 'sdfasdf', 50, 3, 'N', 'Coming Soon...........', 'sym', 'currency_services-quotes.png', '$', 'chennai', 5, 0, '', '', 'Find Local Contractor', 'Find Local Contractor', '', 'YES', 'ACfa1f5f3ad732c91bea78b6ee2e749772', '2138c750421001a87db57ccf86ae7892', '+15005550006', 'YES', 'Live', 'www.sandbox.paypal.com', 'paypal123@gmail.in', 'paypal.com1', 'paypal@gmail.in', 'YES', 'Test', 'sk_test_QcYAQLjuk0nH2VqIKlYcqLQI', 'live', 'pk_test_o2yvGW5u0AxIAazkU7b0JKwr', 'live');

-- --------------------------------------------------------

--
-- Table structure for table `sitesettings_old`
--

CREATE TABLE `sitesettings_old` (
  `id` int(11) NOT NULL,
  `role_id` varchar(255) DEFAULT NULL,
  `adminname` varchar(255) NOT NULL,
  `adminemail` varchar(255) NOT NULL,
  `adminprofile_photo` varchar(255) NOT NULL,
  `contactemail` varchar(255) NOT NULL,
  `contactphone` varchar(255) NOT NULL,
  `userfriendly` enum('Y','N') NOT NULL DEFAULT 'N',
  `sitename` varchar(255) NOT NULL,
  `sitelogo` varchar(255) NOT NULL,
  `site_fav_icon` varchar(255) NOT NULL,
  `fb_app_id` varchar(255) NOT NULL,
  `fb_appscrect_id` varchar(255) NOT NULL,
  `mail_option` enum('normal','smtp') NOT NULL DEFAULT 'normal',
  `host_name` varchar(255) NOT NULL,
  `port_address` varchar(255) NOT NULL,
  `smtp_email` varchar(255) NOT NULL,
  `smtp_password` varchar(255) NOT NULL,
  `admin_page` int(11) NOT NULL,
  `user_page` int(11) NOT NULL,
  `timezone_id` varchar(255) NOT NULL,
  `site_address` varchar(255) NOT NULL,
  `smsgateway` enum('smsindia','exotel') NOT NULL
) ENGINE=InnoDB DEFAULT CHARSET=utf8;

--
-- Dumping data for table `sitesettings_old`
--

INSERT INTO `sitesettings_old` (`id`, `role_id`, `adminname`, `adminemail`, `adminprofile_photo`, `contactemail`, `contactphone`, `userfriendly`, `sitename`, `sitelogo`, `site_fav_icon`, `fb_app_id`, `fb_appscrect_id`, `mail_option`, `host_name`, `port_address`, `smtp_email`, `smtp_password`, `admin_page`, `user_page`, `timezone_id`, `site_address`, `smsgateway`) VALUES
(1, NULL, 'SuperAdmin-Muskaan', 'info@klikly.in', '12702242511459404097.png', 'muskaan@klikly.in', '9894479849', 'Y', 'Klikl', '13710865561477033283.png', '18440698901470979990.ico', 'sdfasdf', 'asdf', 'smtp', '', '', '', '', 2, 102, '1', 'asfasdf', 'exotel'),
(2, '3', 'Muskaan', '', '18212152671462594662.png', '', '', 'N', '', '', '', '', '', 'normal', '', '', '', '', 0, 0, '', '', 'smsindia');

-- --------------------------------------------------------

--
-- Table structure for table `sub_categories`
--

CREATE TABLE `sub_categories` (
  `id` int(11) NOT NULL,
  `main_category_id` int(11) NOT NULL,
  `catname` varchar(255) CHARACTER SET utf8 NOT NULL,
  `subcat_photo` varchar(75) NOT NULL,
  `sortorder` int(11) NOT NULL,
  `payper_lead_price` float(10,2) NOT NULL,
  `feature_status` enum('Yes','No') NOT NULL DEFAULT 'No',
  `status` enum('0','1') CHARACTER SET utf8 NOT NULL DEFAULT '1',
  `catseo_url` varchar(255) CHARACTER SET utf8 NOT NULL,
  `gender_required` enum('Y','N') NOT NULL,
  `need_siblings` enum('Yes','No') NOT NULL DEFAULT 'No',
  `meta_name` varchar(25) NOT NULL,
  `meta_description` text NOT NULL,
  `meta_keyword` varchar(25) NOT NULL,
  `modified` datetime NOT NULL,
  `created` datetime NOT NULL
) ENGINE=MyISAM DEFAULT CHARSET=latin1;

--
-- Dumping data for table `sub_categories`
--

INSERT INTO `sub_categories` (`id`, `main_category_id`, `catname`, `subcat_photo`, `sortorder`, `payper_lead_price`, `feature_status`, `status`, `catseo_url`, `gender_required`, `need_siblings`, `meta_name`, `meta_description`, `meta_keyword`, `modified`, `created`) VALUES
(19, 14, 'Wedding Photographer', '229191504684929.jpeg', 0, 0.00, 'No', '1', 'wedding-photographer', 'Y', 'No', '', '', '', '2017-09-09 10:30:11', '2017-09-06 08:02:09'),
(20, 14, 'Bridal Makeup Artist', '', 0, 0.00, 'No', '1', 'bridal-makeup-artist', 'Y', 'No', '', '', '', '2017-09-06 08:03:39', '2017-09-06 08:03:39'),
(21, 14, 'Pre Wedding Shoot', '', 0, 0.00, 'No', '1', 'pre-wedding-shoot', 'Y', 'No', '', '', '', '2017-09-06 08:03:58', '2017-09-06 08:03:58'),
(22, 14, 'Weeding Planner', '', 0, 0.00, 'No', '1', 'weeding-planner', 'Y', 'No', '', '', '', '2017-09-06 08:04:09', '2017-09-06 08:04:09'),
(23, 15, 'Home Deep Cleaning', '', 0, 0.00, 'No', '1', 'home-deep-cleaning', 'Y', 'No', '', '', '', '2017-09-06 08:04:25', '2017-09-06 08:04:25'),
(24, 15, 'BathRoom Deep Cleaning', '', 0, 0.00, 'No', '1', 'bathroom-deep-cleaning', 'Y', 'No', '', '', '', '2017-09-06 08:04:39', '2017-09-06 08:04:39'),
(25, 14, 'Kitchen Deep Cleaning', '', 0, 0.00, 'No', '1', 'kitchen-deep-cleaning', 'Y', 'No', '', '', '', '2017-09-06 08:04:54', '2017-09-06 08:04:54'),
(26, 15, 'Water Tank Cleaning', '', 0, 0.00, 'No', '1', 'water-tank-cleaning', 'Y', 'No', '', '', '', '2017-09-06 08:05:08', '2017-09-06 08:05:08');

-- --------------------------------------------------------

--
-- Table structure for table `users`
--

CREATE TABLE `users` (
  `id` int(11) NOT NULL,
  `role_id` int(11) NOT NULL COMMENT '1->Admin, 2->Serviceprovider, 3->Dataadmin, 4->Subusers',
  `user_id` int(11) NOT NULL,
  `username` varchar(100) NOT NULL,
  `password` varchar(100) NOT NULL,
  `sp_username` varchar(75) NOT NULL,
  `sp_password` varchar(255) NOT NULL,
  `facebook_id` varchar(255) NOT NULL,
  `status` int(11) NOT NULL DEFAULT '0',
  `created` datetime NOT NULL,
  `modified` datetime NOT NULL
) ENGINE=InnoDB DEFAULT CHARSET=utf8;

--
-- Dumping data for table `users`
--

INSERT INTO `users` (`id`, `role_id`, `user_id`, `username`, `password`, `sp_username`, `sp_password`, `facebook_id`, `status`, `created`, `modified`) VALUES
(1, 1, 0, 'admin', '$2y$10$cN7uxr5S8Yg5jDpqnpQZkuJjFp3XBFXs1DJxKij7t3pFTPuGuQz22', '', '', '', 0, '2017-09-26 06:00:00', '2017-09-26 09:00:00'),
(2, 2, 1, '', '', 'agsgroup93@gmail.com', '$2y$10$qSALyMvG9TaoWYvGCx0VUetm7UTPHVn41EQqtamWvDcpnPYbnr5w2', '', 1, '2017-09-26 09:14:02', '2017-09-26 13:23:22'),
(5, 5, 1, '9632587410', '$2y$10$LpdWcU2REeGrzNvAIQdtp.MevDwqOg7gTcXhIp5M0V/z.SPb46Yca', '', '', '', 0, '2017-12-01 17:27:12', '2017-12-01 17:27:12'),
(6, 5, 2, '9500641657', '$2y$10$GXOjz56VAqwG/Eht8TTEQOfJSge2AbCzRuJFYvu3rjkFgt4qkaS0m', '', '', '', 0, '2017-12-01 17:35:42', '2017-12-01 17:35:42'),
(7, 5, 3, '8144855181', '$2y$10$3lFGqjcyOg.hnf1fib53re06jlZpkOgaLbsikMX6QJB2nSHYdjMPO', '', '', '', 0, '2017-12-01 17:46:35', '2017-12-01 17:46:35');

-- --------------------------------------------------------

--
-- Table structure for table `users_22-12-2016`
--

CREATE TABLE `users_22-12-2016` (
  `id` int(11) NOT NULL,
  `role_id` int(11) NOT NULL COMMENT '1->Admin, 2->Serviceprovider, 3->Dataadmin, 4->Subusers',
  `user_id` int(11) NOT NULL,
  `username` varchar(100) NOT NULL,
  `password` varchar(100) NOT NULL,
  `facebook_id` varchar(255) NOT NULL,
  `status` int(11) NOT NULL DEFAULT '0',
  `created` datetime NOT NULL,
  `modified` datetime NOT NULL
) ENGINE=InnoDB DEFAULT CHARSET=utf8;

--
-- Dumping data for table `users_22-12-2016`
--

INSERT INTO `users_22-12-2016` (`id`, `role_id`, `user_id`, `username`, `password`, `facebook_id`, `status`, `created`, `modified`) VALUES
(1, 1, 0, 'admin', '$2y$10$oDj6sx1azCT4Rx42cZqh6eWyJZei.4MrJHpWw92ypSzDesVaV5D56', '', 1, '0000-00-00 00:00:00', '0000-00-00 00:00:00'),
(2, 3, 0, 'dataadmin', '$2y$10$8KRGFMAgG.j9TpNrWayzAeZ856XIKd1IGUMbWu1JavgaRocBX0zgu', '', 1, '0000-00-00 00:00:00', '2016-05-28 11:42:22'),
(6, 0, 0, '', '$2y$10$7BWbioWP9f5.fHHrnfZgDur7Hfw3aheKwrcsqEPCB1bK5/.5585C6', '', 0, '2016-06-22 10:17:21', '2016-06-22 10:17:21'),
(49, 0, 0, 'hypermail.201dddd@gmail.com', '', '', 0, '2016-11-16 11:21:51', '2016-11-16 11:21:51'),
(57, 0, 0, 'hypermail.203dddddsss@gmail.com', '', '', 0, '2016-11-16 17:40:19', '2016-11-16 17:55:49'),
(110, 0, 0, '', '$2y$10$sTAebwgl3RRW2685gsffEOZgkW3IiNFwj2c78BuUxsvL738.xmnAS', '', 0, '2016-06-22 10:19:45', '2016-06-22 10:19:45'),
(158, 4, 45, 'nikhil01@klikly.in', '$2y$10$M1o0i4Cla0TVUdJeZFKg8ewrZNbpIACs1njcPLFmSWBQQI7urhnoC', '', 1, '2016-07-21 15:53:18', '2016-10-20 16:10:15'),
(159, 4, 46, 'sangeeta@klikly.in', '$2y$10$M68XCwQg/7Kx2gPOmf8RT.n/IeuRIuTwW9JnPoAILIZmic9BasvqK', '', 1, '2016-07-21 16:14:47', '2016-08-05 12:19:03'),
(160, 4, 47, 'siddharth@klikly.in', '$2y$10$3vSbkKmiWNrYIp0Eo8TdxO8qOEHcfJlZNYfWca91O8au0gvFr51Uq', '', 1, '2016-07-23 17:45:20', '2016-08-05 12:10:43'),
(179, 4, 65, 'hypermail.202@gmail.com', '$2y$10$Vht0.YYepfBv.LKfzDdy.eIh.tgVVxGsIoIStdKsbwPS.J2x3YShW', '', 1, '2016-08-11 12:51:25', '2016-11-01 10:25:20'),
(180, 4, 64, 'hypermail.200@gmail.com', '$2y$10$GbmRZGVaQwdEfoRRSq26E.2IP0vNjwK1Vx4bz4hGCKFB5elK/Cc5e', '', 1, '2016-08-11 12:51:26', '2016-08-19 15:48:31'),
(181, 4, 66, 'birendra0306@gmail.com', '$2y$10$joG95hNKJsnDfw9iKjFjweSb08Zo/CmQBHW.0JenFK6RizDxnmHSy', '', 1, '2016-08-19 15:26:29', '2016-08-19 15:26:29'),
(182, 4, 67, 'Shaangahlot007@gmail.com', '$2y$10$wqSooITadPHcIgmqL.tgm.t8vmXqx10dD4NIQ7E8wlrF/RLGsiUDG', '', 1, '2016-08-19 15:28:26', '2016-08-19 15:28:26'),
(183, 4, 68, 'neerajkumar11011@gmail.com', '$2y$10$1WAlOSJdG29XUGiEI1qSv.d/EKOeY9JT0QpCoHCKOeRYeePJlnmiG', '', 1, '2016-08-19 15:29:33', '2016-08-19 15:29:33'),
(184, 4, 69, '9450224756ss@gmail.com', '$2y$10$4Pw8Rk4.D8jP8GRb4Jsk9OqUA33G.odp9g9Dx7w89lXuUtIVhCGia', '', 1, '2016-08-19 15:31:18', '2016-08-19 15:31:18'),
(185, 4, 70, 'sohailkhan9716@gmail.com', '$2y$10$Qp.ydanP2/jrsCJj2EA0iO9GUwrZLjXjX2AgefC8gNh6/djfq7YFK', '', 1, '2016-08-19 15:33:00', '2016-08-19 15:33:00'),
(186, 4, 71, 'sagarvishesh@gmail.com', '$2y$10$OhaTfnCImLmZGTbuVhmqc.yzluIfZwLa05weDNjrRkcp8Fwa2H4IC', '', 1, '2016-08-19 15:34:00', '2016-08-19 15:34:00'),
(187, 4, 72, 'nexgennexgen123@gmail.com', '$2y$10$hqhH0pRn1QfzUt7Am9RSuOOlUXJ.4qnsPfGf3XrfkUY4ao/szArcK', '', 1, '2016-08-19 15:34:53', '2016-11-25 14:39:28'),
(188, 4, 73, 'dkved95@gmail.com', '$2y$10$wQ..Vy5pwzwlledT1E02.uJzRgvivxCT6PCTz1j0v8eTFsVeIugs.', '', 1, '2016-08-19 15:39:05', '2016-08-19 15:39:05'),
(189, 4, 74, 'ayushmithi143@gmail.com', '$2y$10$RdmqQHenCK761YRm5ky6Gue7.RQHVdfe9uFPw6Af1qD/sFYCPv4Ja', '', 1, '2016-08-19 15:40:12', '2016-08-19 15:40:12'),
(190, 4, 75, 'tanvipriya.chabra314@gmail.com', '$2y$10$S2DKr.lOhJIhgXgjQvh/bOuetQ0J6K9L4rKgU2jhuVe3Kn9WXk0si', '', 1, '2016-08-19 15:41:20', '2016-08-19 15:41:20'),
(191, 4, 10, 'pooja@klikly.in', '$2y$10$V2ll//GC2dRJd3IRy//VZeuamcAunTqDatSYIYv6zBJejhDEw6PKS', '', 1, '2016-08-19 15:49:15', '2016-09-15 16:44:09'),
(192, 4, 11, 'gautam01@klikly.in', '$2y$10$YBksY9INGzuoEwOh/ougceuz.zpzwdbO1q8NRB6xafELFLnwAtCcC', '', 1, '2016-08-22 15:43:24', '2016-08-22 16:23:47'),
(193, 4, 76, 'Maazarif005@gmail.com', '$2y$10$oIjj5pCKZ3jN8Le.eRjli.OZslR7msJ9W1wsdfCLeSEAP29wKKkCO', '', 1, '2016-08-22 18:03:01', '2016-08-22 18:03:01'),
(194, 4, 77, 'Sameer8686ansari@gmail.com', '$2y$10$rOQEaL/WoB.UXGqQkWIAZ.UzZDZtCMfTfxCBXubbBgnZT/IkxlK9W', '', 1, '2016-08-22 18:04:00', '2016-08-22 18:04:00'),
(195, 4, 78, 'Shah.nawaz3688@gmail.com', '$2y$10$UY8422TGi6fqeqp/JKxgtu413Xwp1WmmmtNttM/ZHmRbz2S8iGvKG', '', 1, '2016-08-22 18:04:54', '2016-08-22 18:04:54'),
(196, 4, 79, 'Pramodvats86@gmail.com', '$2y$10$RnJmMxIVdgSSbUpppxNhbeWNR.Fm.HnEKb8NPjk1xtF6v46VtECpG', '', 1, '2016-08-22 18:05:47', '2016-08-22 18:05:47'),
(197, 4, 80, 'Arifsafi2012@gmail.com', '$2y$10$Amu5n3apTy8RbUrFweC8Zuzd2guXLDGC5ZK1uylKFnqcQpC5UVX5m', '', 1, '2016-08-22 18:06:30', '2016-08-22 18:06:30'),
(198, 4, 81, 'Contactsumit_24@yahoo.com', '$2y$10$7a9U4rdn0xGhL/S3SxtYQuVJNTCy9Uy7KfE94BMUFHeThUgmccFaW', '', 1, '2016-08-22 18:07:09', '2016-08-22 18:07:09'),
(200, 4, 82, 'bommuraj.s@roamsoft.in', '$2y$10$0tG/Fu5Nvs2nK1kg2JQ7FePh8SxJXAsn6onfyGbvI6svGNNueH.L2', '', 1, '2016-08-29 14:40:07', '2016-08-29 14:40:07'),
(201, 4, 83, 'chandrawal.raj20@gmail.com', '$2y$10$4gAqMDZvgFRcgKSKgMh/Gevnd5pse3yP7NrqvPTLgeUW5DrmR43wq', '', 1, '2016-09-06 09:35:17', '2016-09-06 09:47:41'),
(202, 4, 84, 'jha.narendra57@gmail.com', '$2y$10$xzmwLRHyaaKtEocR0DJC.eqKulpp.xDH2SaMHzrLOl8dsFoyniv56', '', 1, '2016-09-06 09:45:37', '2016-11-01 14:33:31'),
(203, 4, 85, 'Jotisingh181@gmail.com', '$2y$10$NNhc6Ii.DXG6gyqqu97nL.xA9HaaPYoXo7nddbTIMKkxLz8kfebbe', '', 1, '2016-09-06 09:46:20', '2016-09-06 09:47:54'),
(204, 4, 86, 'guru_sharan2008@rediffmail.com', '$2y$10$BHXFwwFPGlrfaAdiiyU.uuxiADCBuOUhnhn6EEDyGn4M6iGS2o79.', '', 1, '2016-09-06 09:46:56', '2016-11-25 14:42:50'),
(205, 4, 87, 'pankajthakur698@gmail.com', '$2y$10$uvCRooxxXzWQYDIAghX4IOgHy4KqbwIXO3XxP4.54DQSi5tMq8yv6', '', 1, '2016-09-06 09:47:30', '2016-09-06 09:48:03'),
(206, 4, 88, 'mazhar01@klikly.in', '$2y$10$adsgir5SE0AzAmK4L8w9MeDF7gR9pMtbLxfO6MmbONQQhOaLXg8Vq', '', 1, '2016-09-15 16:41:22', '2016-10-20 16:09:34'),
(207, 4, 89, 'garima@klikly.in', '$2y$10$Wi2UpX1KwbvtUwOtK9XH8Ot6KIA134l6vG1Mfuy7w/8z1/IHk98z2', '', 1, '2016-09-15 16:43:14', '2016-11-03 16:03:03'),
(272, 0, 0, '', '', '', 1, '2016-09-30 03:33:01', '2016-09-30 03:33:01'),
(980, 4, 90, 'garima.bhatia7397@gmail.com', '$2y$10$4ik51wj/HupVq2Fzv5.PL.7IvHJYYugkGPMnZzAprKbqoc0P4Sx3S', '', 1, '2016-10-26 16:26:20', '2016-10-26 16:28:24'),
(994, 0, 0, '', '', '', 0, '2016-11-03 16:03:04', '2016-11-03 16:03:04'),
(1046, 2, 8, 'mohanketips@gmail.com', '$2y$10$LGo42Fx2hHSG9FfbLBFy1.JcZNd17hA/SIFssPGhXQjbff4YOVyW2', '', 1, '2016-11-25 10:46:06', '2016-12-17 20:19:32'),
(1047, 2, 9, 'asif654@gmail.com', '$2y$10$6ivTXU024CSkuA3CKqlqpeYcikCLcwlZszUAcOcex6eXdHW/x6ChS', '', 1, '2016-11-25 10:59:29', '2016-12-17 20:18:16'),
(1048, 2, 10, 'switchfitness98@gmail.com', '$2y$10$VqPAzdpMaA59ZHyYF4GxNutwQF1bglHS8.drM0KGFjQOLufwTcn4e', '', 1, '2016-11-25 10:59:29', '2016-12-17 20:17:48'),
(1049, 2, 11, 'deepakchauhan333433@gmail.com', '$2y$10$usTjVZ.KcQn53FJYXP96OuKCRZi2FZEGZWjZDmFpU03RMfas2Hu7y', '', 1, '2016-11-25 10:59:29', '2016-12-17 20:16:59'),
(1050, 2, 12, 'info@staminagym.org', '$2y$10$pv1S8usd0wtWBm16pJ704OXXBDRDnHJxN7dR2HGo77h1tGcayrh8.', '', 1, '2016-11-25 10:59:29', '2016-12-17 20:16:25'),
(1051, 2, 13, 'adilahmad2012@gamil.com', '$2y$10$hZXm66KiUD3A7haxCZXblOuX2TJQ8VXBITTrsJ5W2aBTZ90DoRVL2', '', 1, '2016-11-25 11:01:19', '2016-12-19 11:51:15'),
(1052, 2, 14, 'fitwellmantra88@gmail.com', '$2y$10$/GHlvAhwW2MEfp8R0vm68ec5I3TAzzvKKIN6KvX7i7Jozbuui7E3K', '', 1, '2016-11-25 11:14:41', '2016-12-17 20:14:26'),
(1053, 2, 15, 'dr.gatee29@gmail.com', '$2y$10$d9M5gbY1TPJtg6MWAi5N9ulUsZOZln.kvYujAu03bi7fUI7lTbVGm', '', 1, '2016-11-25 11:16:25', '2016-12-19 11:53:28'),
(1054, 2, 16, 'mohit1211sharma@gmail.com', '$2y$10$T1ERjeoDysDvPBZk0kRSNuAQOrC2/hQbISm8chZfNozyisRFBh.wC', '', 1, '2016-11-25 11:18:10', '2016-12-17 20:11:35'),
(1055, 2, 17, 'shraddhachritablehospital@gamil.com', '$2y$10$HbosUh84q/nfcLGPW5bPZuwMBqKW0WG7I.fHChpYAMxFpDPWL79vC', '', 1, '2016-11-25 11:18:11', '2016-12-17 20:10:51'),
(1056, 2, 18, 'sonujoshiya49@gmail.com', '$2y$10$i/NahZ6RG.54ewsJ/2vNqu9JK9NVb31HBm1KdfwLSVMpJZJbqSHFC', '', 1, '2016-11-25 11:19:21', '2016-12-19 11:54:51'),
(1057, 2, 19, 'blackpantherdancework@gmail.com', '$2y$10$JD4VUJqVdU.yOZkW7oJDpOi6xkRreh2KQm3ts7eHlqgIPAOEH79.i', '', 1, '2016-11-25 11:21:01', '2016-12-17 20:08:06'),
(1058, 2, 20, 'shambhukumaryadav95@yahoo.com', '$2y$10$tAE.p9VQceop4I2s8RCV.uz7MjQ4ff.0uflrgy4ytuArx1bb.2ity', '', 1, '2016-11-25 11:21:22', '2016-12-19 11:55:57'),
(1059, 2, 21, 'ajaymehandiwala225@gmail.com', '$2y$10$k/0v2eItpHPw7OV2oJVh4e0X8XKJ3A8tr7vCqnWex5wa8EtPjygeC', '', 1, '2016-11-25 11:21:50', '2016-12-17 20:02:57'),
(1060, 2, 22, 'artisharma2016@outlook.com', '$2y$10$y8mZY.LW95D6.B1CnMlZfOgRdCUszN8AsJENFn.d7YrObVBIC4rRO', '', 1, '2016-11-25 11:23:20', '2016-12-17 20:01:11'),
(1061, 2, 23, 'sunilsahnisk4@gmail.com', '$2y$10$eM5qGanQ7QRLIvKUc/AHAePOepHQlKxDtUf/xvhw3F0jW4I3tNfM2', '', 1, '2016-11-25 11:26:59', '2016-12-17 19:58:11'),
(1062, 2, 24, 'md.aftab123@gmail.com', '$2y$10$m5kz3Nr2euZrlbcOMGoUd.NMZyv5KSxK5YrIJ116hZuq8hpO.tr2y', '', 1, '2016-11-25 11:27:44', '2016-12-17 19:57:06'),
(1063, 2, 25, 'selenomysaloon@gmail.com', '$2y$10$IGbB84o41u2N5DQwR.9/Cegfwoic/xFhLV6lXxkH3BYyWrFdCUeqi', '', 1, '2016-11-25 11:28:31', '2016-12-17 19:55:44'),
(1064, 2, 26, 'ramkeshmendiart@gmail.com', '$2y$10$zcCz9Uoiywbgbd07bxe1ReusTjx/FLGAHx5umfhNV77.n2l8iHLTq', '', 1, '2016-11-25 11:29:14', '2016-12-17 19:43:37'),
(1065, 2, 27, 'vipinmehandiartist01@gmail.com', '$2y$10$pmdh1Z6ccCknGRQLdAP2T.DxMH4UCr2D1tIsh0B87suqVaDN59dma', '', 1, '2016-11-25 11:32:05', '2016-12-17 19:27:56'),
(1066, 2, 28, 'kumaramit098@gmail.com', '$2y$10$xSxFq3/RDeKgZG0ZLATiXecK/Ty8Yl1Z7rGVU5Qk.Sl11cZwm4IkK', '', 1, '2016-11-25 11:34:17', '2016-12-17 19:25:00'),
(1067, 2, 29, 'aditayabhattsvelte@gmail.com', '$2y$10$lXTwiga8QDsOGbcGNDKQ8OTEIQ4MaGlyO/TfbEM/Va6C/IGdQhz6C', '', 1, '2016-11-25 11:34:26', '2016-12-17 19:23:56'),
(1068, 2, 30, 'vidyashetty458@rediffmail.com', '$2y$10$dhdUopdbhkE.tyS70uwLUuhI1HhzT.8QYjlxyP./jkJCc6IcVYoMG', '', 1, '2016-11-25 11:35:12', '2016-12-18 01:37:08'),
(1069, 2, 31, 'anand.p@roamsoft.in', '$2y$10$LtTV/sx0kMB3jUB0mfqIxu2qtvxMlPUa8DIuaMg4AkBrc2LneEVzq', '', 1, '2016-11-25 11:35:43', '2016-12-05 12:04:01'),
(1070, 2, 32, 'shadab.khan29@outlook.com', '$2y$10$RHCiwwzGvxO/BCvecPR0ne/X8MMgUIrEgxNCdc01ClZhShBYOCb76', '', 1, '2016-11-25 11:36:07', '2016-12-17 19:18:43'),
(1071, 2, 33, 'pramodmrhandiart@gmail.com', '$2y$10$m/sXGolclRMZlZ4S3iPQwO7dRAY3sEaTrIdR3Vhen1LTk8cweBT2u', '', 1, '2016-11-25 11:40:06', '2016-12-17 19:15:21'),
(1072, 2, 34, 'daritualsaloon@gmail.com', '$2y$10$bbOlcar2FS2Xnuv4I2Cn8u1BsP3cFnwT0BrDD9leraCukOvT/zBYu', '', 1, '2016-11-25 11:41:15', '2016-12-17 19:13:00'),
(1074, 2, 36, 'Drronit.pt@gmail.com', '$2y$10$ocYHCTXBmDY5CTXuWFIB1OWVcSmUbr//id1V3IZPiZ14aNoHieBx2', '', 1, '2016-11-25 11:41:52', '2016-12-17 19:08:59'),
(1075, 2, 37, 'santoshparlour@outlook.com', '$2y$10$uYC4MPyCmUce8a29GkIE9Ot.a8a2AL2Gp.zKtlJbPZTM5vqF4iQlu', '', 1, '2016-11-25 11:42:16', '2016-12-17 18:47:41'),
(1076, 2, 38, 'wishmaster990@gmail.com', '$2y$10$h3hE7uz62sjqkiNso0dePu.iGfrqKFBYGE4bCmknHY3IPYWoRP3QS', '', 1, '2016-11-25 11:42:44', '2016-12-17 18:47:26'),
(1077, 2, 39, 'hs378914@gmail.com', '$2y$10$XEdKsSkCRfBAKsbyYojNjOF/2IPk9vp3RU9AecUrwIvd2xFrpo7Ra', '', 1, '2016-11-25 11:45:51', '2016-12-18 01:51:17'),
(1078, 2, 40, 'md_julfkar@outlook.com', '$2y$10$iSh.MM2SjRdRY2vuhoNWxOSz3VgMz2JkyAVHXDhfU8qvJ1mNCWNTG', '', 1, '2016-11-25 11:47:06', '2016-12-17 18:43:25'),
(1079, 2, 41, 'sunitaanuragi29@outlook.com', '$2y$10$VSxgoCMBBUmAFWco7NrMGOpKfRb2aDxrfA/0So/OvhX34yF2bijUu', '', 1, '2016-11-25 11:47:23', '2016-12-17 18:41:20'),
(1080, 2, 42, 'facetofacesalon@yahoo.com', '$2y$10$bUNChoeVFLuaMrX/gTRR.OdDt.1gxujAfwHv12VjD5aZvceOMckk2', '', 1, '2016-11-25 11:47:39', '2016-12-17 18:40:40'),
(1081, 2, 43, 'sajidaliunisexsaloon@gmail.com', '$2y$10$p.7p2cG2cH3sG0a7Xxdy6Odqu75vx841bb.OSNlU/noZV1SRtfJly', '', 1, '2016-11-25 11:51:21', '2016-12-17 18:39:13'),
(1082, 2, 44, 'sundar.s@roamsoft.in', '$2y$10$Iapsc3gKwGR3.3kL5XZcD.B2cqSx/TXFgKro2pfFmhR/oLMh0lPH2', '', 1, '2016-11-25 11:52:15', '2016-12-08 16:26:44'),
(1083, 2, 45, 'looksgk1@gmail.com', '$2y$10$GSiKOu534HfWo0BhzQUETOOhbpCOv5rt1.vHyeGtT6g4CN3FCwEYu', '', 1, '2016-11-25 11:54:27', '2016-12-17 18:38:32'),
(1084, 2, 46, 'salmankhan@gmail.com', '$2y$10$5Ak1f7q7wO8g5ao5uGkax.sXCtZvlTJm8niAznk/SARmKE8uO28P6', '', 1, '2016-11-25 11:55:13', '2016-12-17 18:37:34'),
(1085, 2, 47, 'voguehairandbeauty73@gmail.com', '$2y$10$hmWSv1ovG4Qrsvn9aofJm.RtbCgWMlBTQ2yS5sNAwfZ2yIekurvJi', '', 1, '2016-11-25 11:55:14', '2016-12-17 18:35:40'),
(1086, 2, 48, 'dharmendarnayak@yahoo.com', '$2y$10$Xz8zjKuvmMYjIfNkiV410O78KiK9q4cbCMgo7t9Gv8XJA4iW0NROy', '', 1, '2016-11-25 11:55:24', '2016-12-17 18:34:37'),
(1087, 2, 49, 'Acc.priya.neu@neusalonz.in', '$2y$10$7d4.NHLrAOXRrEsjyWcuHuoE1a.y57t7iQBlXDRXGiWhkVe8QZaHe', '', 1, '2016-11-25 12:04:22', '2016-12-19 11:57:44'),
(1088, 2, 50, 'info@susan-muart.com', '$2y$10$S4Yz4YdUkvUaqTfkIrCB6eZTULXK/rqwg/f9nb/CbjqcL26AVcHCq', '', 1, '2016-11-25 12:08:01', '2016-12-19 12:01:51'),
(1089, 2, 51, 'support@roamsoft.in', '$2y$10$EsfK1zo5xPOyMR79GC27y.iIAUhmM2Mj6FzOMBGDCTjgDvOm3puyi', '', 1, '2016-11-25 12:09:04', '2016-11-29 10:47:38'),
(1090, 2, 52, 'sudarshanmalhotra@outklook.com', '$2y$10$VXys9Lm16xYPHa/aj7ae9.es10ZJBf51q/QCyeJcNsJ1YZXw0GYUi', '', 1, '2016-11-25 12:11:53', '2016-12-19 12:04:36'),
(1091, 2, 53, 'bhartigoutam71@gmail.com', '$2y$10$DMTlEDSDSeogY7AuVuFyceRg4LaqFWHPSi.FfNsmHuy9vFJNfnj0C', '', 1, '2016-11-25 12:12:55', '2016-12-19 12:08:06'),
(1092, 2, 54, 'S2foodsupplement@gmail.com', '$2y$10$z/7e.6jpYwmSSKbFhGBpjOFaypk1Ze43UR5oWwuRijG4nKEbdTo.a', '', 1, '2016-11-25 12:13:08', '2016-12-19 12:10:25'),
(1093, 2, 55, 'galibhusain786@gmail.com', '$2y$10$G44P6msLp3aeNgK9NvBKXOW1QedqbXFkgxDzRYWqkoATpa.RuFDpG', '', 1, '2016-11-25 12:15:24', '2016-12-19 12:17:47'),
(1094, 2, 56, 'willsstylesaloon786@gmail.com', '$2y$10$Tsc0cRovlnZyar//MQoRReupY5X2aaN41KT.Bx6p/8xJWvaXFSOHm', '', 1, '2016-11-25 12:15:59', '2016-12-19 12:18:45'),
(1095, 2, 57, 'info@keintchi.com', '$2y$10$nDeSrwp7nAido.88PM/zO.r6hSzBf12NSH31p.NHPlCk9ditLMQFq', '', 1, '2016-11-25 12:16:30', '2016-12-19 12:28:57'),
(1096, 2, 58, 'naveen443kumar@gmail.com', '$2y$10$Be3emgGY1VIV2b./NDeBXO1hQTg/IpbPnVmzmX5vKkBwevo6XsJwy', '', 1, '2016-11-25 12:18:50', '2016-12-19 12:32:01'),
(1097, 2, 59, 'jaysingh554@gmail.com', '$2y$10$Us1ARw7qyKnl/b6FP1krieMaSjPoNGMPD19yy4MEC4XntRuNZIPLS', '', 1, '2016-11-25 12:20:16', '2016-12-19 12:34:39'),
(1098, 2, 60, 'glamourbeautyparlour@gmail.com', '$2y$10$v.1iZ8DAo6NWq8An/lR/8Oay0x0b0s5N3qObDTtDQDHbinL5q.hT.', '', 1, '2016-11-25 12:20:24', '2016-12-19 12:35:50'),
(1099, 2, 61, 'pureprofiles1234@gmail.com', '$2y$10$pWCMC.NWyJgrZPnSv3AOQeZZnlwTVBZui09UL4Uo0XPLBV1usKa7K', '', 1, '2016-11-25 12:20:29', '2016-12-19 12:37:13'),
(1101, 2, 62, 'kannu665dutt@gmail.com', '$2y$10$VdFnMYRyfXKawzLoIu/5A.IxUYXP5.FjR2clrxag2k8WsBBeU2YWO', '', 1, '2016-11-25 12:21:16', '2016-12-19 12:38:15'),
(1102, 2, 63, 'anilchauhan123@gmail.com', '$2y$10$XP2rsn1jTGEC1QiEYVaZYOhl0KbrqjEv1JRwYPOAwo4xNwx8s.YpC', '', 1, '2016-11-25 12:22:31', '2016-12-19 12:40:02'),
(1103, 2, 64, 'revolutiongym2016@gmail.com', '$2y$10$0M.S.pl.D3utZiwlT8.oSeqVeigtzPHl03JhZsvXx.GvLsriUGOWC', '', 1, '2016-11-25 12:23:29', '2016-12-19 12:41:28'),
(1104, 2, 65, 'rohitchauhan0147@gmail.com', '$2y$10$m1Ip6AtxsCeYWO6B9rPLz.JEe7aVOiVYvGWeqYnoAfqk1McBY8vD6', '', 1, '2016-11-25 12:23:33', '2016-12-19 12:45:14'),
(1105, 2, 66, 'gouravbeingfit@gmail.com', '$2y$10$MvXFViDO/FLrMQ6TW8.blO53slJhz6Gu1mCjxNbuNvMwrAOBu05E.', '', 1, '2016-11-25 12:24:30', '2016-12-19 12:46:49'),
(1106, 2, 67, 'kreativesalon5@gmail.com', '$2y$10$JaRTBu6usXDI3U5I3g6IXed5tpGXUpeOVBLgwKNWG18xcWb7xU8C2', '', 1, '2016-11-25 12:26:16', '2016-12-19 13:00:50'),
(1107, 2, 68, 'shapefitness@gmail.com', '$2y$10$MjL3vmjMKXO65zP3d.ZxNuusF0.b9ViXA6NRbA9v6kAc2Imgq8FjG', '', 1, '2016-11-25 12:26:17', '2016-12-17 17:44:16'),
(1108, 2, 69, 'glaresbeautyparlour@gmail.com', '$2y$10$QqMu9cEyhOjxNmWVBSnE2eyEmmZ9hMLvBFZ9pMobc.mcYmtmQLC/y', '', 1, '2016-11-25 12:26:45', '2016-12-17 17:42:28'),
(1109, 2, 70, 'stylenstudio@gmail.com', '$2y$10$J2NHB5uA44M6an5nXEY2YekvblleZSxH63yh/MRXaZdmaebm0bykW', '', 1, '2016-11-25 12:29:07', '2016-12-17 17:41:04'),
(1110, 2, 71, 'rekha765@gmail.com', '$2y$10$OBUm3F9DC3VMA2l9GH/fDu.uOVd87pD5cqGg42qcdTw55zgzUtcIi', '', 1, '2016-11-25 12:29:27', '2016-12-17 17:39:49'),
(1111, 2, 73, 'deekan089@gmail.com', '$2y$10$cWGfcNLgLyI.5po9Z7lGl.uM5YpXsUP4tmQdBJZc75AlErIHZDkmu', '', 1, '2016-11-25 12:30:08', '2016-12-17 16:33:28'),
(1112, 2, 74, 'shivanikashyap@gamil.com', '$2y$10$ROR9mjo0RhdnmkUeU58TFupF2ytrhsrSFITzzHdudzeDVx4Y9U7aC', '', 1, '2016-11-25 12:31:22', '2016-12-19 12:07:57'),
(1113, 2, 75, 'cutnmore@gmail.com', '$2y$10$7le63wHtGDJ7M61Z0g2n5egLOAXuzoulVyqsMEGBQFxX/WLc9R.Ci', '', 1, '2016-11-25 12:32:36', '2016-12-17 16:25:46'),
(1114, 2, 76, 'narinder2900kr@gmail.com', '$2y$10$xQqqgSDqIqahd6.DYsYE2OQGJXtIs3GJbMkmubOZkFiaHBykoY/F6', '', 1, '2016-11-25 12:33:26', '2016-12-17 16:23:38'),
(1115, 2, 77, 'akarshanbeauty@gmail.com', '$2y$10$wbewVC.hzNecsHePo0iuFOnZRQFuvMriuyTLbaggj2V8viko/fg0u', '', 1, '2016-11-25 12:33:40', '2016-12-17 16:22:21'),
(1116, 2, 78, 'sharma.ritika07@yahoo.com', '$2y$10$O69LkwKJJUdBZKRgwYOPfu25DJSULtbpC8NX5SXCjs2k5v51P3f26', '', 1, '2016-11-25 12:34:42', '2016-12-17 16:20:46'),
(1117, 2, 79, 'hatrysingh260691@gmail.com', '$2y$10$kz1SHyDaDMKD0Et4wLwWaOC0nbm1NM/892GA5.q4CIvL5KIZI/JoG', '', 1, '2016-11-25 12:36:32', '2016-12-17 16:18:43'),
(1118, 2, 80, 'royal.fitness.club@gmail.com', '$2y$10$NnNGZrpPTK63Lgm/agegNumGOeXFlLKm0I7M5BcKbiuBPThwLN/Ju', '', 1, '2016-11-25 12:36:33', '2016-12-17 16:15:33'),
(1119, 2, 81, 'salonfiftytwo@gmail.com', '$2y$10$mMqctbcWQ5yc5Qbl4dFfVuZ6kCwppYkcpiuZDcTJySNNufT34LD7y', '', 1, '2016-11-25 12:36:47', '2016-12-17 16:10:10'),
(1120, 2, 82, 'Md.shahid7766@gmail.com', '$2y$10$BvzBgJ9Q/pSX8vqNGf6Tb.fWuPjKi6fshAejJ5V/wcIAjNoGvXDDa', '', 1, '2016-11-25 12:37:28', '2016-12-17 16:07:00'),
(1121, 2, 83, 'modernstyle88@gmail.com', '$2y$10$jtuf68zHZCdx.Y4zXLaxXuwHLG0GUEO9rNyJD6pqKdjBd8AvFTzRG', '', 1, '2016-11-25 12:38:26', '2016-12-17 16:06:17'),
(1122, 2, 84, 'javedhaircut@gamil.com', '$2y$10$RDv1uDK3S1NXAPzh7LbvmujQfuMlEltDKioP9nZ9wyT9YeUVYZ4im', '', 1, '2016-11-25 12:38:38', '2016-12-17 16:05:27'),
(1123, 2, 85, 'tinkuradhi1987@gmail.com', '$2y$10$QdvOarZhBvFD46cekFv9GeI8UF8OM8IWda1bluXst/DJVqbeeXD12', '', 1, '2016-11-25 12:39:43', '2016-12-17 16:03:19'),
(1124, 2, 87, 'ikramkhan11@gmail.com', '$2y$10$PdD/HjT5VIbdVxtbhHCSSOcIP4JoVkgrJbrnMwh9vGnpBUXyK.TYG', '', 1, '2016-11-25 12:40:52', '2016-12-17 15:53:18'),
(1125, 2, 88, 'swati.koshal60601@gmail.com', '$2y$10$tvX2xEkA/BnK4.6/9WmomOZfe4jxtoj4gCmyMPjfyEiDY/40gj0dm', '', 1, '2016-11-25 12:41:28', '2016-12-17 15:52:24'),
(1126, 2, 89, 'rajumehndia@gmail.com', '$2y$10$rrNdC3MwzArKkogC8gbBEOidDsP8s9v2BItlxyAM.asNqWI9/5bZO', '', 1, '2016-11-25 12:42:24', '2016-12-17 15:50:33'),
(1127, 2, 90, 'rakeshmr42@yahoo.com', '$2y$10$edGgU25ARQiwQFZsKhYzS.BzgQxT4zDrrgUaOZothqSnyyU5zMiAe', '', 1, '2016-11-25 12:43:09', '2016-12-17 15:49:06'),
(1128, 2, 91, 'milan.sharma1972@gmail.com', '$2y$10$yLfvYFNA.LRTcnNNXr0yfuVZRSuLERB66zMskbjRc5EV6gQdTV3bu', '', 1, '2016-11-25 12:44:24', '2016-12-17 15:48:07'),
(1129, 2, 92, 'sonurathore94@gmail.com', '$2y$10$UTuP6GWa7XCBG9P1rJGbGuAN8kW7E9mHbzklc4lCno.YwSr5r2JDy', '', 1, '2016-11-25 12:45:13', '2016-12-17 15:46:43'),
(1130, 2, 93, 'vermabeautysalon@gmail.com', '$2y$10$cfYWSE/XKK2FkEWSFkPNeOQf6X0mRQ.R9NOMdlTJNRNwceTrvGaqS', '', 1, '2016-11-25 12:45:22', '2016-12-17 15:44:33'),
(1131, 2, 94, 'mailme.missanju@rediffmail.com', '$2y$10$XiCB3XEoVmGCLu1GgCWmQeJLR.k.y.ePwXFtotUSWE0yeQISfzgl6', '', 1, '2016-11-25 12:45:32', '2016-12-17 15:41:42'),
(1132, 2, 95, 'dharamkumar123@gmail.com', '$2y$10$JiilQjFQO.2AQaHw5NCdHu/3Hca4yz/NUB4UWjCApx3QAs/bc8gWi', '', 1, '2016-11-25 12:45:48', '2016-12-19 12:05:50'),
(1133, 2, 96, 'rafiHabibUnisexsalon@gmail.com', '$2y$10$1tW6OaYrP/SH0x.z7qhGCubqEbVTwmXLTMIG2uWVVLBhZdt7PcVJi', '', 1, '2016-11-25 12:45:54', '2016-12-17 15:21:20'),
(1134, 2, 97, 'sgoodlooksunisexsalon@gmail.com', '$2y$10$jbWQZwjCbCZLk6N9fq5.k.tKGNx4rC/TmmvuCuzwXeNFR124ETHfG', '', 1, '2016-11-25 12:46:29', '2016-12-17 15:20:10'),
(1135, 2, 98, 'vijay_bisht04@yahoo.com', '$2y$10$r3xAHxqgLZ39XzA00i6giufYL/YtKq2hvhdZWuhzYhMjBgI9q5xLG', '', 1, '2016-11-25 12:46:32', '2016-12-17 15:18:49'),
(1136, 2, 99, 'mahindertiwari121@gmail.com', '$2y$10$E.tbiNaisgQqoTCva6pX0eXxhpk.MgozOPb7XsUsx/UOOWQ4HWV0W', '', 1, '2016-11-25 12:46:45', '2016-12-17 15:16:44'),
(1137, 2, 100, 'ajay.kumar219@outlook.com', '$2y$10$ulGmWz4pUb0sK9Glxyto5ORVmSdIaf05Fx08lpLiFOGmGI39E1pHS', '', 1, '2016-11-25 12:47:06', '2016-12-17 15:14:32'),
(1138, 2, 101, 'manvisaloon@gmail.com', '$2y$10$Za8LCZSQ0/Nb.sNHs3af0eiEv/qv/CxABtINBrUL0mgSaVkHIc9jK', '', 1, '2016-11-25 12:47:15', '2016-12-17 15:13:01'),
(1139, 2, 102, 'shahid.2900@outlook.com', '$2y$10$OD6f.RUAzfNmF68HCkiBOu3OeJ41b8XIIP2uJZ.aaC1Hx002sYk6e', '', 1, '2016-11-25 12:47:40', '2016-12-17 15:11:12'),
(1140, 2, 104, 'sajid1141@gmail.com', '$2y$10$t.KogtAaSmsh4QpG93eFtO7XB1lLk2SVEtClv4NowqTLjKK2bX.sO', '', 1, '2016-11-25 12:48:16', '2016-12-17 15:10:06'),
(1141, 2, 105, 'harishmehandiart@gmail.com', '$2y$10$PbxvM4vbgRmT.Cyu.vgkjuJJ41fQzVAEDW9uFY/mEezMuDTEJLL56', '', 1, '2016-11-25 12:48:20', '2016-12-17 15:03:25'),
(1142, 2, 106, 'rammehandiart@gmail.com', '$2y$10$hdLIQ6DqIz6PXM1feVJRTuqvsVPvnX1uVbNuru7TvYedApj/V.stu', '', 1, '2016-11-25 12:49:16', '2016-12-17 15:01:15'),
(1143, 2, 107, 'tusharsharma667@gmail.com', '$2y$10$hgKGLLm1cJnOuSi7LzX6buGMIrDJhexpv5BFAX09eH32vUyjOwiXe', '', 1, '2016-11-25 12:49:31', '2016-12-17 14:49:38'),
(1144, 2, 108, 'madonna.vv@gmail.com', '$2y$10$nzoC7fhpwZJYbXDMSbgMV.Ffmyj5xeFbbFDet9GZMElHfI6Fi.Hkm', '', 1, '2016-11-25 12:50:36', '2016-12-17 14:48:33'),
(1145, 2, 109, 'moinmehndi@outlook.com', '$2y$10$8gD7v6d0ow4NyZmimJAuUufy.FpF4p1HYskmJNEKx4vLBgsJukVMm', '', 1, '2016-11-25 12:51:08', '2016-12-17 14:47:13'),
(1146, 2, 110, 'nikhilkashyab@gmail.com', '$2y$10$AcmNXIvQtZ8STbe0tF1JN.VnzBnosCdfe97N/0kMuEOSkSC6RM4yG', '', 1, '2016-11-25 12:51:44', '2016-12-17 14:44:30'),
(1147, 2, 111, 'maliksunil08@gmail.com', '$2y$10$p/exIIKQcsDL2/4x5m22tO9o/HbXpzzEnV2sm3/hK1eoXGlAIFsG6', '', 1, '2016-11-25 12:51:57', '2016-12-17 14:37:17'),
(1148, 2, 112, 'er24savita@gmail.com', '$2y$10$PkUPx/08/RKM.Ua1GbdmKeIWhUZUy9fxyVu6Abc1wontofp.24mae', '', 1, '2016-11-25 12:52:02', '2016-12-17 14:32:03'),
(1149, 2, 113, 'fsalongk@gmail.com', '$2y$10$Tk854lupqYesXlmwwLmWEOBRLQEMgg7VM3lGY0GlmgRYVJ2d.L1TC', '', 1, '2016-11-25 12:52:46', '2016-12-17 14:30:07'),
(1150, 2, 114, 'hairempireunisexsalon@gmail.com', '$2y$10$PxpCHiHjSL/ufz7vE63W4OR9LlaRbcEedBZTED6kcxhX6Q6YuBYXm', '', 1, '2016-11-25 12:52:46', '2016-12-17 14:29:15'),
(1151, 2, 115, 'toniandguy.saket@gmail.com', '$2y$10$glWqwsSaoXg.Ggp58nQsCO9tn77AthuxG/fXriDor3IQzT4CyBf/e', '', 1, '2016-11-25 12:53:07', '2016-12-17 14:28:45'),
(1152, 2, 116, 'farhanirshad813@gmail.com', '$2y$10$M7.Ix3G2xSN7swlI8VVECO8/4uU0ovSIBSozjnxfFF3S5.x7ZfnaO', '', 1, '2016-11-25 12:53:36', '2016-12-17 14:27:41'),
(1153, 2, 117, 'sainikfarm@geetanjalisalon.com', '$2y$10$lwnSVg6PU.I65/y5Gvq/2.PhIwqRycxkw1Sl1SkzHU0wqoMrR5EUm', '', 1, '2016-11-25 12:53:41', '2016-12-17 14:22:34'),
(1154, 2, 118, 'saket.naturals@gmail.com', '$2y$10$GJoXCA6BKlG2o3VlNHAR6OySJWyXG84pU3YpwkV05cwQZhh5TUCwq', '', 1, '2016-11-25 12:53:59', '2016-12-17 14:21:46'),
(1155, 2, 119, 'geetanjalisalon@gmail.com', '$2y$10$m1HdOHhxc3bGGQ78RmzcI.ULPLKFanZxhQq1VHDmiles0AdeOZ9PS', '', 1, '2016-11-25 12:54:07', '2016-12-17 14:20:37'),
(1156, 2, 120, 'unwind.sabs@gmail.com', '$2y$10$MJBumdyScj9UCy.Df7MdSe5c9RTaP/Tw8u82HsZba7uAlB4KrD2se', '', 1, '2016-11-25 12:54:21', '2016-12-17 14:14:47'),
(1157, 2, 121, 'brijmohanthakur1966@gmail.com', '$2y$10$K5vjnaDhKRf1W5m1fQ91K.2Z/8fXAciXJZc/T.c8m6x2RPFqHuaxG', '', 1, '2016-11-25 12:54:55', '2016-12-17 14:23:23'),
(1158, 2, 122, 'patanjaliyogacenter@rediffmail.com', '$2y$10$TsB9NdPWaiZLgsdlOwS1oe6eSbY/mBYud3ygCzpn2y1ZSWAwb2AX.', '', 1, '2016-11-25 12:55:01', '2016-12-17 14:05:29'),
(1159, 2, 124, 'champa.jaggi@outlook.com', '$2y$10$0O.xe/hxOsZvRMCoBLqSnerkcdiivPMxJGhjoGV0VahgK0X/lq64q', '', 1, '2016-11-25 12:55:46', '2016-12-17 13:58:58'),
(1160, 2, 125, 'akramkhan3129@gmail.com', '$2y$10$iUW7jc.Owu4kJ9HqPzTRyOhSfQUqICzYpTmGuvWRyDISipg9/LANW', '', 1, '2016-11-25 12:57:05', '2016-12-17 13:57:49'),
(1161, 2, 126, 'booking@stylenxs.com', '$2y$10$s4PpBbwPVboH/vA0TpkGeeGDvVTOcDHIicAHiGyHfrvx0Y/T6vfou', '', 1, '2016-11-25 12:57:51', '2016-12-17 13:56:36'),
(1162, 2, 127, 'info@affinitysalon.india.in', '$2y$10$jc8rN9XHzf4PFOoy7ObZKOdsrBCIRoo3OHBSvtwRePZNwfT7wGG0m', '', 1, '2016-11-25 12:58:00', '2016-12-17 13:55:13'),
(1163, 2, 128, 'gridirongym@gmail.com', '$2y$10$N34Np4l2gWF/cvtPNVb.ne.JBp1r/.OIuWmgqZfa3iPxT8V8dKpoW', '', 1, '2016-11-25 12:58:56', '2016-12-17 13:54:22'),
(1164, 2, 129, 'babita99991111@gmail.com', '$2y$10$7zBdTTUGwiLsvMvqYK09buJE3Mhy5ed6p4bmBt59n0RqRSEFQsQFO', '', 1, '2016-11-25 12:59:03', '2016-12-17 13:51:57'),
(1165, 2, 130, 'rajmehandiart@gmail.com', '$2y$10$tnRU.S00hxOl/YjQSpKouOQd2ifWc5iHqqu0.dEYeKsRh3.xpXR6m', '', 1, '2016-11-25 12:59:24', '2016-12-17 13:47:49'),
(1166, 2, 131, 'aartibeautyparlour@gmail.com', '$2y$10$CmUCDfBfTRaIP0ytpcribenSmYA1hbv6ldV7DjAGIICen3OV.3YaW', '', 1, '2016-11-25 13:01:04', '2016-12-17 13:46:15'),
(1167, 2, 132, 'lalitkumargargia@gmail.com', '$2y$10$q3QYVBsolYFNYX1DRB.1zOXyjhSK5kP/caiWEa0iNgdAev0dO2Wm6', '', 1, '2016-11-25 13:02:07', '2016-12-17 13:44:20'),
(1168, 2, 133, 'newskincareparlour@gmail.com', '$2y$10$OM4DXOQtvZYYdnaNAkBPHO8GLnXI3V2TQALDfd0D8tDhjWIPc5KJC', '', 1, '2016-11-25 13:02:25', '2016-12-17 13:43:34'),
(1169, 2, 134, 'gautamvipul_89@rediffmail.com', '$2y$10$azdgEQf2Gdps.noqC.EtnuzshDGIdd4T1w8B0GZ9Qf3PQSSDzo4q2', '', 1, '2016-11-25 13:03:03', '2016-11-25 13:03:03'),
(1170, 2, 135, 'arvindjaggi@yahoo.com', '$2y$10$2wJR4hfBiKQiYSwAtNQSzu.9FTx.NWDAaHBqXHbEXzqvDo/Cv1nOi', '', 1, '2016-11-25 13:03:10', '2016-12-17 13:39:08'),
(1171, 2, 136, 'ayurbedaunisexsaloon@gmail.com', '$2y$10$jIEs2Hgm4TlusFABOtTuSuGBPSGCxOUkr5.08fX80arJZyA.osW3G', '', 1, '2016-11-25 13:03:28', '2016-12-17 13:37:50'),
(1172, 2, 137, 'gautam@mrityunjayyoga.org', '$2y$10$0zmSlaHD8X66GxiJh1BHiux4djK9eifUrD1A6KfoSVEezzxaWuXUG', '', 1, '2016-11-25 13:03:28', '2016-11-25 13:03:28'),
(1173, 2, 138, 'mukeshsharma8668@gmail.com', '$2y$10$ADltB5a20OXJHfBk4rbb7up7sp6L8uCCZEDWPIBVA5KR8R9JuYwkG', '', 1, '2016-11-25 13:03:38', '2016-12-17 01:26:12'),
(1174, 2, 139, 'ambikabeauty05@gmail.com', '$2y$10$Zbi7SBC2gEyEngktgRuss.1GRzYnWiKKPKKheSRkNBtIk8mMFtYgu', '', 1, '2016-11-25 13:04:08', '2016-12-17 01:29:40'),
(1175, 2, 140, 'gulzarkadri79@gmail.com', '$2y$10$E1cuk3aW4FysnyaeQ9RdrOsnUzH0sjN3nN1Y4/QupXnp0RpB//1kq', '', 1, '2016-11-25 13:04:10', '2016-11-25 13:04:10'),
(1176, 2, 141, 'pureteunisexsalon@gmail.com', '$2y$10$0z56mMt8QOcDH8dQgETZQuA5wxN26uDiSk9CawmXC9pid9F3xp5tW', '', 1, '2016-11-25 13:04:58', '2016-12-17 01:22:08'),
(1177, 2, 142, 'sunnybalhara@gmail.com', '$2y$10$w/u9wjTZ3Fvx1DracXfXW.01lxw6sLs6l.GBOsIu9ThWzo0mJguTe', '', 1, '2016-11-25 13:05:28', '2016-12-17 01:19:27'),
(1178, 2, 143, 'newparadiseparlour88@gmail.com', '$2y$10$JEShfS7JSg8svnoRadJcKumSe2DxT4d6qWTyPxofDKlu9Hk3gBI0C', '', 1, '2016-11-25 13:05:39', '2016-12-17 01:16:34'),
(1179, 2, 144, 'bulbul.29@outlook.com', '$2y$10$fMrX4dSZoUgKwfwbePxtf.URn2JpMRb5oSXLnspC64KjZVedGy.hK', '', 1, '2016-11-25 13:06:03', '2016-12-17 01:15:21'),
(1180, 2, 145, 'sonu601@gmail.com', '$2y$10$xFpVp/Qz3cvFUI5UzdqYMewpd3ZGCyqSWUwCTP6mR8u7W2m39o4PG', '', 1, '2016-11-25 13:06:07', '2016-12-17 00:59:37'),
(1181, 2, 146, 'manojmehandiwala@gmail.com', '$2y$10$7fP0al5nb1wWtBQnjFh06.yVB.ezAGPL6FxQgXWWC6QwTyWDe419K', '', 1, '2016-11-25 13:08:30', '2016-12-17 00:57:09'),
(1182, 2, 147, 'aman.tomar4444@gmail.com', '$2y$10$nKcpI.0mYvqXBRtPTnnOa.YmdJkVYrTzq/5xy1CNRiaFvMkKeZv1.', '', 1, '2016-11-25 13:08:38', '2016-12-17 00:17:51'),
(1183, 2, 148, 'shakeelaarzo@gmail.com', '$2y$10$SoR3aw2JvpgRFvweFooAAO3pf8dd0C8dzTGT4S7mYMBmnW5ehqnne', '', 1, '2016-11-25 13:08:47', '2016-12-16 23:55:44'),
(1184, 2, 149, 'gymkaizen4u@gmail.com', '$2y$10$O5zDQVSbKabIPq.lfjT3XuwcYTso3ghLqX3zsLNtWgUrkLYza5f8K', '', 1, '2016-11-25 13:09:10', '2016-12-17 00:01:31'),
(1185, 2, 150, 'arundagar12@gmail.com', '$2y$10$YpURJNKEml9dUlG9hYQueOVExiCHC2zLNmdyP166xC4HMcgJ3t/7O', '', 1, '2016-11-25 13:09:37', '2016-12-16 23:40:52'),
(1186, 2, 151, 'shahina2900@outlook.com', '$2y$10$PHwtCk1TQYsWzbDF/HubPeey6kgMAZzNwoF9tEqedkOA1x2oh009O', '', 1, '2016-11-25 13:09:38', '2016-12-17 11:47:12'),
(1187, 2, 152, 'eminencenailspa@gmail.com', '$2y$10$FPhSKLifHvQrpdT5UvD6GeQfChnxvt.14n.oqp495.QjvFR/o/gaK', '', 1, '2016-11-25 13:10:00', '2016-12-17 11:54:03'),
(1188, 2, 153, 'Gouravpayal618@gmail.com', '$2y$10$fCxE.s2Zg0PQQVUYGD/1fO5sWb9KTNwub664RNAMQrpakYSIPegHS', '', 1, '2016-11-25 13:10:05', '2016-12-17 11:57:08'),
(1189, 2, 154, 'kishankumar4488@gmail.com', '$2y$10$JVEAOxhpFPvlTcKF7Tl5IuoSBGeWAKtI1bYyKtpL4OEX5AmYG/PdG', '', 1, '2016-11-25 13:10:13', '2016-12-17 12:01:17'),
(1190, 2, 155, 'geetu29@outlook.com', '$2y$10$CZqoPhlD32wABetdhfgcpen6lOUBW9VOiNU/tMBkIfMDr866UBPVW', '', 1, '2016-11-25 13:10:30', '2016-12-17 12:05:34'),
(1191, 2, 156, 'academynationaldance@gmail.com', '$2y$10$EORIqi7VF3reA7wI0ynUpOlYu5CBqik1w2dzKsQlJSRxEBQ7fYIH6', '', 1, '2016-11-25 13:10:36', '2016-12-17 12:07:29'),
(1192, 2, 157, 'rajumehandiwalagk1@gmail.com', '$2y$10$a77tbcPrbZ5H5v39q3P5L.UUhPrkPB3kT6.6Sy1K.YW5mQ1AHl97O', '', 1, '2016-11-25 13:11:35', '2016-12-16 23:02:19'),
(1193, 2, 158, 'sunilkumar14@gmail.com', '$2y$10$dO8HbwUmTROIlk1ibQggjezUPFN.aiaaGaNagc0CWFM0mWbiUbFYu', '', 1, '2016-11-25 13:11:35', '2016-12-17 12:14:54'),
(1194, 2, 159, 'paipa.india@gmail.com', '$2y$10$2JhB1x6HDesWvWLSxDEx5OEzB6I8V8g0.uwlj2oyJu5OpRiReUYVm', '', 1, '2016-11-25 13:11:39', '2016-12-17 12:12:18'),
(1195, 2, 160, 'gargee.sanjay@gmail.com', '$2y$10$i6PS6eJg1.lr9i6FTu.kwedbaxaJVK.SoBcbEMFLKk/bJ5OwRahWm', '', 1, '2016-11-25 13:12:27', '2016-12-16 22:58:14'),
(1196, 2, 161, 'kamleshbhai3@gmail.com', '$2y$10$k1qFezTwvgrQSDdKKk.bH.gwwMHmAHA3eZbc3BAEFbo4DCuAA6Gha', '', 1, '2016-11-25 13:13:00', '2016-12-16 22:56:47'),
(1197, 2, 162, 'yogasunita@gmail.com', '$2y$10$4KnTx/ed0ifYeRZp/i28EOJLK1/u37ivrxv2bwn0mHAMX9Oru5s7G', '', 1, '2016-11-25 13:13:25', '2016-12-16 22:54:37'),
(1198, 2, 163, 'gulzarqadri79@gmail.com', '$2y$10$yqrmk57No5fgDyKTb70iQ.8xrLlfFWjhYNsscyfoj4pNvb1IA/oRi', '', 1, '2016-11-25 13:13:26', '2016-11-25 13:13:26'),
(1199, 2, 164, 'sanjaymehndi@rediffmail.com', '$2y$10$eZdca14/NpLCn85JDB1a/e7nQLyrR967eqng30fzJXFG746HCxGxK', '', 1, '2016-11-25 13:14:21', '2016-12-16 21:44:11'),
(1200, 2, 165, 'deepakkc@gmail.com', '$2y$10$T8.IjPzbOdrovIejrjAT1.p.EpeQAPb7///PxxR8doSi.5PFOobxa', '', 1, '2016-11-25 13:14:47', '2016-12-16 21:43:07'),
(1201, 2, 166, 'kumar7rahul@yahoo.com', '$2y$10$McTi7XVeuIbg42WNnndFy.xcp2OlgczdKkZvQodlK7AruXyVXWgaG', '', 1, '2016-11-25 13:15:39', '2016-12-16 21:41:21'),
(1202, 2, 167, 'arodh458@rediffmail.com', '$2y$10$xVhkRjUuiarZaBBB9Ck.VekmOR2LC.3jEBICbkh1uuk9.1Q0sLdW6', '', 1, '2016-11-25 13:15:51', '2016-12-16 21:38:39'),
(1203, 2, 168, 'stylenshapesalon@gmail.com', '$2y$10$FndeNkuZhbFD2fKnk9PSFO1EEGKX02IEe/rIo9XC39mCjWXM5Riz.', '', 1, '2016-11-25 13:16:01', '2016-12-16 21:34:56'),
(1204, 2, 169, 'suresh.raikumar1980@gmail.com', '$2y$10$ZF2jiVIxHcCu9hji27sOV.m7yMpoK7OfWE29DojsfkjrOj/PBU6ea', '', 1, '2016-11-25 13:16:39', '2016-12-16 21:32:52'),
(1205, 2, 170, 'jahangirmohd.816@gmail.com', '$2y$10$4Zk2iqbb882ECJ0./NB74.E8BTbGpzPBqVDsQ8r.QFrESIFkMW6PK', '', 1, '2016-11-25 13:17:02', '2016-12-17 12:27:39'),
(1206, 2, 171, 'mabid2532@gmail.com', '$2y$10$I7MWT5odoJYkVMt4Nu.1wewKoiqvZzX1Ien447AEp2quhl/e8JSPS', '', 1, '2016-11-25 13:19:30', '2016-12-17 12:25:37'),
(1207, 2, 172, 'mukeshgill4@gmail.com', '$2y$10$pNUL6.EOMQpGF5zPm9wFaOgsaieF4PW24cLjmhIowNKE160JRmfga', '', 1, '2016-11-25 13:19:32', '2016-12-17 12:18:47'),
(1208, 2, 173, 'ravimehandiwala11@gmail.com', '$2y$10$EGDnRgL3EDdjZbyBTH0F3Ov/nlmpZ1uo02E7Qn/12vdrOpuGVNNBa', '', 1, '2016-11-25 13:20:26', '2016-12-16 21:06:17'),
(1209, 2, 174, 'strandsthesalon@gmail.com', '$2y$10$FewP901ZX7eh6SH23q7d1eetGyqzVmCai3kJF5futEH2BraImSMAu', '', 1, '2016-11-25 13:21:05', '2016-12-20 17:40:59'),
(1210, 2, 175, 'toniandguy.nfc@gmail.com', '$2y$10$O3brhx3TVEd6lP0rNvpaUe1n4EUw8joKG3.TVnWUZalQg6AYAouGm', '', 1, '2016-11-25 13:21:09', '2016-12-16 21:00:53'),
(1211, 2, 176, 'pankaj2900@outlook.com', '$2y$10$jgF5GMdEt80QdYLoHTrUTeLlPFSTARVgh/HUjOm89eIK9CoxvoHg.', '', 1, '2016-11-25 13:22:26', '2016-12-16 20:57:21'),
(1212, 2, 177, 'varshasalon.2003@gmail.com', '$2y$10$0TM8bh60byYhFsZ.2WKGmeGOKSorXXKd/jE.ISR5yKGVpr/1L76/6', '', 1, '2016-11-25 13:22:32', '2016-12-16 20:55:43'),
(1213, 2, 178, 'sakib3344@gmail.com', '$2y$10$.zZATq6DuH28UnExc/4Hd.4TbmeeTHvPwg.dvPqF5VVgw/dbGAAGq', '', 1, '2016-11-25 13:22:38', '2016-12-16 20:54:16'),
(1214, 2, 179, 'jitin_2@yahoo.co.in', '$2y$10$IGgw3dwf6qiYdCxIQZXHxeG4XClaHHqv7zxYy14yVT3LODWr1zbRq', '', 1, '2016-11-25 13:23:07', '2016-12-17 12:57:52'),
(1215, 2, 180, 'looksnfc@gmail.com', '$2y$10$SgeLBkJyez6WLkqCGDnFwurpisrZnuLvXjENSTmwxrdbfr8rhkWvC', '', 1, '2016-11-25 13:23:37', '2016-12-16 20:52:06'),
(1216, 2, 181, 'kuldeeprajput337@gmail.com', '$2y$10$KIKvjikMeIAALfvqq5RjI.nBdVrQqxG9hOtjkN4y59lMS/YKNXczu', '', 1, '2016-11-25 13:23:57', '2016-12-16 20:50:25'),
(1217, 2, 182, 'pankaj143@gamil.com', '$2y$10$DSg43rCByZMOiF/5kKCkbOgqlHjWSlrapgS.d0PnrUg7wxTbGXUqW', '', 1, '2016-11-25 13:24:00', '2016-12-16 20:49:24'),
(1218, 2, 183, 'seemading@yahoo.com', '$2y$10$dnlSeXcFj5lFJcXx/v/KtOPKoEonCYnQAc2eA8Fliq4TjReu55M42', '', 1, '2016-11-25 13:24:29', '2016-12-19 12:03:23'),
(1219, 2, 184, 'pooja.miss@yahoo.com', '$2y$10$NrWsl06QIv7mEfWJHx4Uc.4gW3EmmZ7N5fy0dssOCjGEds3CMSToi', '', 1, '2016-11-25 13:24:39', '2016-12-16 20:43:35'),
(1220, 2, 185, 'shahidali766@gmail.com', '$2y$10$ymUC34YmWi70pY3fYAJzWuPxVEcpUAfXq34eEkkBWGHHcwNlMnVPq', '', 1, '2016-11-25 13:24:52', '2016-12-16 20:41:47'),
(1221, 2, 186, 'jitendrarajisthanimehandiart@gmail.com', '$2y$10$0QlzKHnI2VpF5R7y/Tj84.r.GJqcozelCydKPdG1osb1buDaFmLWa', '', 1, '2016-11-25 13:25:39', '2016-12-01 17:07:02'),
(1222, 2, 187, 'glamnglitter00@gmail.com', '$2y$10$E02oEwxgnMXpfNBi04iDrOzralPTYad/OqeM5XTtplRLHwFZgqD3G', '', 1, '2016-11-25 13:25:43', '2016-12-16 20:33:29'),
(1223, 2, 188, 'handsomehaircutsalon@gmail.com', '$2y$10$2d4LTZZxs1dIyOX6Zt5xIODMDWEjH7ydOwgY0iJraJrDKhg.Xtp26', '', 1, '2016-11-25 13:26:06', '2016-12-16 20:21:32'),
(1224, 2, 189, 'nehapndey458@outlook.com', '$2y$10$8xGcNU3MLCqT5EImHLeKDOi6xmSDL/ULR.GDvKOVSDe755mjhVIqy', '', 1, '2016-11-25 13:26:42', '2016-12-16 20:19:33'),
(1225, 2, 190, 'alihair123@gmail.com', '$2y$10$wnecl70Y7myA2Nxu7P9l8.b9MhhEMjuB/j0rR7Twvzi9qe4b7mug2', '', 1, '2016-11-25 13:27:05', '2016-12-16 19:57:20'),
(1226, 2, 191, 'vishal.sikka2007@yahoo.com', '$2y$10$DSMoX7ocuNnBmS3AvWvmDeXk4KmJrlhGlQLjMakN2awMenkC9VzPq', '', 1, '2016-11-25 13:27:06', '2016-12-16 19:56:05'),
(1227, 2, 192, 'shahil786@gmail.com', '$2y$10$mDGH1ljLH/84.e7K51cOse9cOisibdph1cvx.1o.BwMlr4xFgpF1G', '', 1, '2016-11-25 13:28:16', '2016-12-16 19:55:01'),
(1228, 2, 193, 'newlookhairsaloon@gmail.com', '$2y$10$tIyCADZFPes2OnUkQF7R7evRQ0DUBb6ubgsYnJZb.vDSlS6TLFCa.', '', 1, '2016-11-25 13:28:36', '2016-12-16 19:53:27'),
(1229, 2, 194, 'satyam65@gmail.com', '$2y$10$jVniGx4mTvxtzM7W.JPmoeqO4ABOWPlLQcIqL5HskIfD2itd.RVmq', '', 1, '2016-11-25 13:29:02', '2016-12-16 19:52:11'),
(1230, 2, 195, 'rehankhan8563@gmail.com', '$2y$10$5BH70dJSzK.TsJG2UO7H0OO6z0g5oNrX0DWzSmnstPbIGgYwzQCZO', '', 1, '2016-11-25 13:30:04', '2016-12-16 19:50:31'),
(1231, 2, 196, 'arifkhan77@gmail.com', '$2y$10$x.uaOU3C0O/./fKwT3uJX.fNvhT3dFLi.9/VXojaZPf1xu6tO1Qd.', '', 1, '2016-11-25 13:30:40', '2016-12-16 19:49:36'),
(1232, 2, 197, 'prettywomennfc@gmail.com', '$2y$10$ujeShd5.3FqQfBXB7b/a7ur8GaubBaDqI4HcP3mItlJfxUlSgigMm', '', 1, '2016-11-25 13:30:46', '2016-12-16 19:48:24'),
(1233, 2, 198, 'salmaninaseem125@gmail.com', '$2y$10$NIAytvzOhggOOOSFEDYYUevWurmlyQNcIDgOd6pfU0JLn49I9Ku8e', '', 1, '2016-11-25 13:31:17', '2016-12-16 19:46:09'),
(1234, 2, 199, 'info@stylecheck.mysaloon.in', '$2y$10$aTYa0rlj5WrHCiE7UE7g/.4DSWQ//ZE8DKtcpVdFxnTvnjWUIUJD2', '', 1, '2016-11-25 13:31:44', '2016-12-16 19:45:07'),
(1235, 2, 200, 'shwetagour.mackup.artist@gmail.com', '$2y$10$zXqiHHoNU/6AW.PEbMXfAu7HVesdFfXuzB2HLKIKRo/eGXvf9wrai', '', 1, '2016-11-25 13:33:12', '2016-12-19 12:00:20'),
(1236, 2, 201, 'tanyaroy2222@gmail.com', '$2y$10$xuMj.avNBhUvPMtJ7o0mL.CNVznd4SJrCziCVjBKUHxg28nv2myfq', '', 1, '2016-11-25 14:07:37', '2016-12-16 19:40:23'),
(1240, 2, 103, 'imrangym76@gmail.com', '$2y$10$bwyws2gzprsPI9iYGxyLQuQ3tnjvecZ0laSFkyEUvAAbwOB/e5kZS', '', 1, '2016-11-25 14:32:47', '2016-12-17 15:09:57'),
(1241, 2, 72, 'rohit12364@gmail.com', '$2y$10$7uXy.TOaZpgIPZmkSHv.UOTbVaS9kkS4XZeLz5IbesdvDCskBaJQG', '', 0, '2016-11-25 14:38:26', '2016-12-17 17:38:25'),
(1242, 2, 86, 'rajkumar.for.me@gmail.com', '$2y$10$KzYiq1B9PgD0TodgL9ITbOxqVtUEaT/haPSfOO6ogb74J8mLOwFjC', '', 0, '2016-11-25 14:41:42', '2016-11-25 14:41:42'),
(1243, 0, 0, '', '', '', 1, '2016-11-25 15:11:08', '2016-11-25 15:11:08'),
(1244, 0, 0, '', '', '', 0, '2016-11-25 15:11:14', '2016-11-25 15:11:14'),
(1245, 2, 123, 'healthindiagym07@gmail.com', '$2y$10$gOLgT38mx5IozezTrFLNjuT3EWjRjLZgAT02Mu8/TNmB3Bq35MimW', '', 1, '2016-11-25 15:12:35', '2016-12-17 13:59:55'),
(1255, 2, 210, '2sundar.s@roamsoft.in', '$2y$10$NgCp0TcRkKSmkPltl88Dj.gMBQ5FXpcNmvPP8SerADiu1l/OcWlbi', '', 1, '2016-11-29 11:54:46', '2016-11-29 11:54:46'),
(1256, 2, 211, 'sohsobd@gmail.com', '$2y$10$9HXqIXkqTxvUVrCk7SJ89.wHJnFjgBz6UEgAUKlnYXj1gDBlGvVmW', '', 1, '2016-11-29 12:01:20', '2016-11-29 12:05:15'),
(1257, 2, 212, 'NisarMalik9177@gmail.com', '$2y$10$e5VYekYwaevUlso3AW4X1uOeOLDO.FeyWQ.V6vZWE6QgUZRu0FCZi', '', 1, '2016-11-29 12:34:14', '2016-12-16 19:30:45'),
(1258, 2, 213, 'chauhanbodytemple@gmail.com', '$2y$10$ZP5JKYqusPeY37CtiqDvRujtnvNSG9AMQS1oXQ.wjkTlZS4Wbts12', '', 1, '2016-11-29 12:34:56', '2016-12-16 19:29:40'),
(1259, 2, 214, 'vrrambogym@gmail.com', '$2y$10$fqZthNQKEakO1IWX6lpTxunja1HDk4Fz4sI8q1BLsqnvHjdYWVOEe', '', 1, '2016-11-29 12:35:28', '2016-12-16 19:28:36'),
(1260, 2, 215, 'rahulbasoya@gmail.com', '$2y$10$ZWompnXIMQZJEWDLR2n.4O548W02a9miNpo9p0k4CDPUQLoVUkkqy', '', 1, '2016-11-29 12:35:57', '2016-12-16 19:24:42'),
(1261, 2, 216, 'luckychauhan11@gmail.com', '$2y$10$7k3dyMHy/RprQJSRU2LKDu2FRY33mauk99jM3eZfbCZnMaodEnpdm', '', 1, '2016-11-29 12:36:42', '2016-12-18 01:39:38'),
(1262, 2, 217, 'pravesh.121khera@gmail.com', '$2y$10$PQuX5rIjvwut3jhq.D8lS.EmBVvQbGs152cRF7KJ1nfvoV76tsIp.', '', 1, '2016-11-29 12:41:58', '2016-12-16 19:19:44'),
(1263, 2, 218, 'Gk2.delhi@anytimefitness.in', '$2y$10$09H8KLU8CtbBot1gSr6xyudOr/d3biB1ZtokwXkmS/TN2AwjFgsNu', '', 1, '2016-11-29 12:44:57', '2016-12-16 19:14:03'),
(1265, 2, 219, 'Rahuldagar.forcegym@gmail.com', '$2y$10$4VF/PAqH0WVFI26IkILs.OIVpNAxviLLqxJiIrK9HeD0yjeYKbq0O', '', 1, '2016-11-29 17:49:30', '2016-12-16 19:12:29'),
(1266, 2, 220, 'mahmoodmalikmm@gmail.com', '$2y$10$Bto4KKDg9sFalQl0eiTePet79tacVioylz.nhndtX3l1Oc1Diysle', '', 1, '2016-11-29 17:53:48', '2016-12-16 19:00:25'),
(1268, 2, 221, 'claw.nails@gmail.com', '$2y$10$JrxWlrkBh4IBOkZ5YSFIZuAX8hzXQPkur23O3Bzzx0Bf5DrcBllge', '', 1, '2016-11-30 11:28:53', '2016-12-16 18:57:37'),
(1269, 2, 222, 'ravimehandiwala234@gmail.com', '$2y$10$CN2Edig6WQ45AXEl2Xe1qOOEGpX5P5bAK2DVX5uCJnaCiZKRbAAme', '', 1, '2016-11-30 12:18:17', '2016-12-16 18:54:58'),
(1270, 2, 223, 'm.salonandspa@yahoo.com', '$2y$10$1qXq5Djiv4.XMuTADyA4RO7FCz/Rm6nlUHOwn0FD3LKUfg.B6pNW2', '', 1, '2016-11-30 12:53:27', '2016-12-16 18:52:21'),
(1271, 2, 224, 'nfsalmani@gmail.com', '$2y$10$fktZC7ViPGHOuIsMfTKQ.uB/d5fQkbt4jntZxv2Y1Zx8UcL3//TgK', '', 1, '2016-11-30 13:00:01', '2016-12-16 18:49:41'),
(1272, 2, 225, 'rosebe123@gmail.com', '$2y$10$i48Y3dMXNUPbe7jGx.G/Eu73Sbihr0ynxxtaGHM7Od9A7vuxTfFxK', '', 1, '2016-11-30 13:25:35', '2016-12-16 18:48:29'),
(1273, 2, 226, 'maxmensalon@yahoo.com', '$2y$10$FyHsh4I2mVc5.02VG9TPaOGglVritt2qjCsDZuHCdJXTmDY2A2IIO', '', 1, '2016-11-30 14:56:07', '2016-12-16 18:46:55'),
(1274, 2, 227, 'raeeskhan123@gmail.com', '$2y$10$y0qiSczhcFp9lsKfF7XXeuD/7OkBKOTJ9cqjsmJAQhs8XgpQ7grEm', '', 1, '2016-11-30 15:14:44', '2016-12-16 18:43:11'),
(1275, 2, 228, 'lucky.chouhan52@gmail.com', '$2y$10$JLR/79NGY.GJL5OS3HZYVOcu20Ue4k5H7VzsuHrlr9Ebv/upAwa6q', '', 1, '2016-11-30 15:18:59', '2016-12-16 18:40:56'),
(1276, 2, 229, 'modernbeaytysalon@gmail.com', '$2y$10$a7zB5FtfXVKX5KXITz9kn.4vKodvVRLRo/7RBHVVEugTgg.a8CPxC', '', 1, '2016-11-30 15:28:06', '2016-12-16 18:38:54'),
(1277, 2, 230, 'kavitagupta2001@gmail.com', '$2y$10$s/KHcoVF4e4T/XKKLiEJVe.imDSeh6hxwvQD1jIYYzKm8IDjKq8RG', '', 1, '2016-11-30 15:44:30', '2016-12-16 18:35:55'),
(1278, 2, 231, 'newlooksunisexsalon11@gmail.com', '$2y$10$Y3WK1KVtfE.YR/dr2uRBO.c6oXzmaBb97Rvmri2YxZ1WE0H35febS', '', 1, '2016-11-30 15:45:07', '2016-12-16 18:36:44'),
(1279, 2, 232, 'divinesalon3265@gmail.com', '$2y$10$zQcrvSWIiHsx8O3fX853xu8VyZdc8NdTKrAEVWOuH7sP3EP29/l0y', '', 1, '2016-11-30 15:45:50', '2016-12-16 18:28:31'),
(1280, 2, 233, 'miss_meena@yahoo.com', '$2y$10$rXMNd/bUIFTAqaiv1I39deEtpCUosbcPGLMeLX2lHU5.vvMsksT8.', '', 1, '2016-11-30 16:01:43', '2016-12-16 18:26:35'),
(1281, 2, 234, 'auras997@gmail.com', '$2y$10$AQl2dwO4zg72f0onZSVMhu2.TSzSOiS1Rm7t6ax9Gc9HSyhZb5iUa', '', 1, '2016-11-30 16:05:26', '2016-12-16 18:24:18'),
(1282, 2, 235, 'veena998@gmail.com', '$2y$10$u4uUVAiRVtKF95LZAdb7VO9BkGzYEN072FyLN1oTpaeVidXoCRlzS', '', 1, '2016-11-30 16:05:49', '2016-12-16 18:21:09'),
(1283, 2, 236, 'arungandhi14@yahoo.in', '$2y$10$cWOznuI2RQNFJeCAx0cPrerD/Y5./.K7.ry1hHXFj0dIcutBOy2e2', '', 1, '2016-11-30 16:06:20', '2016-12-16 18:18:46'),
(1284, 2, 237, 'mentyjamir@gmail.com', '$2y$10$m8OzJCGFoZwqzemM0ddrqOtzAX.5vKPPJ0p99Ir9eJsw01ADSuNuG', '', 1, '2016-11-30 16:06:42', '2016-12-16 18:16:14'),
(1285, 2, 238, 'hqunisexsalon@gmail.com', '$2y$10$j3xaIr5JqMf.BGCl1dtufOsAm/R6tUh0xvgLrU1980Lxi5cAc2oEK', '', 1, '2016-11-30 16:21:48', '2016-12-16 18:03:14'),
(1286, 2, 239, 'infusionbeautystudio@gmail.com', '$2y$10$6nLDa/pJdXRCArgEp5sjFOZQ0C/8NcOpeU.FZAtS4AExN/yFGrOA.', '', 1, '2016-11-30 16:22:05', '2016-12-16 18:00:12'),
(1287, 2, 240, 'affinitysalongk@gmail.com', '$2y$10$0GZZj4p.ht15.t72Zhuz1ehliNahfbpNKUxAV4kbmHpGMvR64VF96', '', 1, '2016-11-30 16:22:30', '2016-12-16 17:58:11'),
(1288, 2, 241, 'hina.pahuja@yahoo.in', '$2y$10$Z31bRKCdDdC3lOBpOXQaqeR1x7L.tV6Fcm0WHSdakjqLRHqPffc.m', '', 1, '2016-11-30 16:27:19', '2016-12-18 01:25:10'),
(1289, 2, 242, 'shoaibzba@gmail.com', '$2y$10$.hosVFdK99hSka3N2qW39euxRIxqsUHtYZEpFwQoJQdwdgNVnBQh2', '', 1, '2016-11-30 16:27:39', '2016-12-16 17:48:25'),
(1290, 2, 243, 'gautam@klikly.in', '$2y$10$vgYofvvI5HHNxexLW6IqVONxpGERCpDZAWAaFGm.9oxxV7JFBD0oC', '', 1, '2016-11-30 16:34:05', '2016-12-16 17:38:31'),
(1291, 2, 244, 'imtiyazkhan@gmail.com', '$2y$10$uxpWmQew5A7bZ5WOLsDybukjlpq4eDZ84ZJIwb6NGSBQgqEmLn6o.', '', 1, '2016-11-30 17:09:14', '2016-12-16 19:54:08'),
(1292, 2, 245, 'Ronitroy00@gmail.com', '$2y$10$t/7nMFkYZ6b72MLKKGWEmuDfySHJTQt5sSEc.yNpQAk/ZHlgUFyGy', '', 1, '2016-11-30 18:07:25', '2016-12-05 15:58:20'),
(1298, 2, 246, 'modhshahnawaj37@gmail.com', '$2y$10$nlyMxCZrDLXZ/1opHARt7.J.KM1fOPMuhjli7hBQ4Jc5RbDlo6g6e', '', 1, '2016-12-02 11:55:00', '2016-12-02 11:56:13'),
(1316, 2, 247, 'nikhil@klikly.in', '$2y$10$C0Pc5SLH51s/UuYErr/Q9uVOGDFmHJ9I7olYmteEN8wR94yOnFj6G', '', 1, '2016-12-02 15:42:37', '2016-12-02 15:50:11'),
(1326, 2, 249, 'jitendrarajasthanimehandiart@gmail.com', '$2y$10$5jO0oobwV7obOune9edmG.MTUYZeHMeBa7.4TOBP2HHBHQi7pLMAK', '', 1, '2016-12-03 20:19:31', '2016-12-03 20:19:31'),
(1327, 2, 250, 'testing1578944@gmail.com', '$2y$10$NiqMSNsRxp6419jgXhi5W.CNPjBES2qgNFeLHkbgeh1ruhA14xD7W', '', 1, '2016-12-05 12:53:45', '2016-12-05 12:53:45'),
(1338, 2, 251, 'argraphics4@yahoo.com', '$2y$10$Mzw7sAdYoo1WZF9WBM/axOOgMvu7IlY5Ly74kmFLALPIWmKMajH56', '', 1, '2016-12-06 01:25:54', '2016-12-06 01:25:54'),
(1339, 2, 252, 'mazhar@klikly.in', '$2y$10$oUS0ScKY4x.h.m3NZkfGlOeDjBWfPhqwS8A6SvKe3.DGZaWwBj8QW', '', 1, '2016-12-06 10:59:38', '2016-12-08 16:23:38'),
(1345, 2, 254, 'moorthy1@gmail.com', '$2y$10$5Vf2Jh/nNymedc9NT04N2Od2xidRLLgt/wBVfRXkLqlYv80eGUYve', '', 0, '2016-12-06 23:27:00', '2016-12-21 15:49:23'),
(1346, 2, 255, 'divya@gmail.com', '$2y$10$iu/HnKm9YVcImb1sdq8cNe/jB89Q/Pq5lXn7QOsvHOSKfCofxMqBG', '', 1, '2016-12-07 01:04:52', '2016-12-07 01:04:52'),
(1348, 2, 256, 'adhishduggal@gmail.com', '$2y$10$6tk36j7rp4cuOMKF7ea6auPtGTJXS.r9n.fgKVFlnEo/Btx78s8qe', '', 1, '2016-12-07 11:40:46', '2016-12-07 11:40:46'),
(1350, 2, 257, 'mohan@roamsoft.in', '$2y$10$bi.V6sbPglHiQbQ/lQp5uuIGFFEu59i9dVjmr1Tbcwbq3dPB3Lc3G', '', 1, '2016-12-07 15:04:32', '2016-12-07 15:04:32'),
(1387, 2, 262, 'sss@gmail.com', '$2y$10$66CUAbJh0inqZbOIVDfSmuSFFsGNlgk9OEIRcOBfJPj68GwWkA1p6', '', 1, '2016-12-15 11:22:32', '2016-12-15 11:22:32'),
(1388, 2, 263, 'Moo@gmail.com', '$2y$10$wJw1vwYXGKCn1LVyhCMJB.NJBzSW28j3eiK1i/aLPgk4ElmwKcjpC', '', 1, '2016-12-15 13:12:00', '2016-12-17 12:05:47'),
(1391, 2, 264, 'mirrorsalon.delhi@gmail.com', '$2y$10$5oT4A8YTdNjSbXm3f.xXTuBBAr6zv.Mq8zaSO78a9/YH8G5Y.CbAG', '', 1, '2016-12-15 18:01:23', '2016-12-16 16:22:26'),
(1394, 2, 265, 'mazar.kahn678@gmail.com', '$2y$10$eclHJkPscYAJlGlVBdOW0OS4o5rNibt2s4CtbberSSNWGEVqafkP.', '', 1, '2016-12-19 14:23:47', '2016-12-19 14:23:47'),
(1395, 2, 266, 'sanjaysthakur60@gmail.com', '$2y$10$..r03pvepLu.reu46xC27e.IFVAosqauM6.AVMYHDMKF0mUteCskS', '', 0, '2016-12-19 14:34:44', '2016-12-19 14:41:07'),
(1396, 2, 267, 'sonubhaikh@gmail.com', '$2y$10$4e3gkeP65KuiSDvpO44dc.jH4b/3Xkp/JBHXYw1xwb4T3GdvhCrWe', '', 0, '2016-12-19 14:35:14', '2016-12-19 14:41:03'),
(1397, 2, 268, 'kafeelhashmi5192@gmail.com', '$2y$10$IgtV2axTT27c6aFdHjzjwuNT4XlDvw4X.rcM3DvbT95HZHfFCo7bG', '', 1, '2016-12-19 14:36:16', '2016-12-19 14:36:16'),
(1398, 2, 269, 'klayunisexsalon19@gmail.com', '$2y$10$MMt6qzQLTp3gtTkF0jd3vOeAuWqupB1aVFju0zy5kdPOV.iHWp1AG', '', 1, '2016-12-19 14:36:16', '2016-12-19 14:36:16'),
(1399, 2, 270, 'makeoverbeauty@gmail.com', '$2y$10$11gq7/zCpSHEdXgRpDO3sO9DgXI2uLm4saWxfNoK5.y.Hln8BnitO', '', 1, '2016-12-19 14:39:22', '2016-12-19 14:39:22'),
(1400, 2, 271, 'krishnasha93@gmail.com', '$2y$10$dduOVGpOsqvReYPEBGxmmuTyQwXr469F6Ag79Vmo.Q64j9e7NPHtK', '', 1, '2016-12-19 14:39:22', '2016-12-19 14:39:22'),
(1401, 2, 272, 'shortcutishanmalik@gmail.com', '$2y$10$GWaCWBDembKhvX96JwhRAO96Md68bR5j.PJHei2WpoIo/R5wndDsy', '', 1, '2016-12-19 14:39:22', '2016-12-19 14:39:22'),
(1402, 2, 273, 'perfectcutmenssaloon@gmail.com', '$2y$10$gzLmfaKRzS/vKaUzm/0H3OM2tie2hjQlrY7/qr.cYsrMu3NBXxCVu', '', 1, '2016-12-19 14:39:22', '2016-12-19 14:39:22'),
(1403, 2, 274, 'imagemenzsaloon@gmail.com', '$2y$10$I/3VnSV9OXj4JzEEhYEkoekK7o2EapD5mtRA/2dWkxtlk1KgWdlLq', '', 1, '2016-12-19 14:41:52', '2016-12-19 14:41:52'),
(1404, 2, 275, 'som.bhalla66@gmail.com', '$2y$10$74tyvxUK7Mh73rcOuyI5eedZSETJRaTLAR15gvkR2F9kwGZFjB4q2', '', 1, '2016-12-19 14:41:52', '2016-12-19 14:41:52'),
(1405, 2, 276, 'rafeeqa.g.saloon@gmail.com', '$2y$10$LhyXr7BhlFETvtUo7asIoeWOreUb.MRFvYKveEcV8CSlcWM9Sfhl2', '', 1, '2016-12-19 14:41:52', '2016-12-19 14:41:52'),
(1406, 2, 277, 'mohsinguddu@gmail.com', '$2y$10$PZgcyvh1TLV7FY.TQOw9y.J2FlDZWKH2Naec2eiu/VPLyd39kQtcy', '', 1, '2016-12-19 14:45:16', '2016-12-19 14:45:16'),
(1407, 2, 278, 'shahnawaj458@outlook.com', '$2y$10$sAnx7vcRQvpfITduq8xjtuFpVvZ5UNVmjTi4afa63iEEteDY7C1k2', '', 1, '2016-12-19 14:45:16', '2016-12-19 14:45:16'),
(1408, 2, 279, 'jyotidevel083@gmail.com', '$2y$10$03IGLgcTkOlZ82GNwsoPZePEMpF25uITRt.l7D/eNs4ViKw8YAWHC', '', 1, '2016-12-19 14:45:16', '2016-12-19 14:45:16'),
(1409, 2, 280, 'parmodk33714@gmail.com', '$2y$10$aqEZ8CmscVN573C0EUVD/ODLBUzLtm/e97Q54FcY2oTuYdHAkojra', '', 1, '2016-12-19 14:47:22', '2016-12-19 14:47:22'),
(1410, 2, 281, 'salmansiddiqui.siddiqui@gmail.com', '$2y$10$VICzfSXB2OwqEef5Zj4mCepVzoq82.PRH6xfvtUCkScMOGpPOQx5q', '', 1, '2016-12-19 14:47:22', '2016-12-19 14:47:22'),
(1411, 2, 282, 'nasirali11980@gmail.com', '$2y$10$Rwmh2Zjanpo423HAtBqnV.kAwBHE1UG19wqTzP.rFYzpMMY1F.qsi', '', 1, '2016-12-19 14:47:22', '2016-12-19 14:47:22'),
(1412, 2, 283, 'arif97@gmail.com', '$2y$10$gBXvkaduqJrtC32yEVW1seTBfwbdK3Y7IHOsyiNB7pNkbeWgGKE7q', '', 1, '2016-12-19 14:47:22', '2016-12-19 14:47:22'),
(1413, 2, 284, 'sajidimpression@gmail.com', '$2y$10$0LKRUoxWjNjN/c5jcV0XFuKyjKljcFMZiq4u2yrQwNgIg6GkfvtVW', '', 1, '2016-12-19 14:48:33', '2016-12-19 14:48:33'),
(1414, 2, 285, 'sk1200khan@gmail.com', '$2y$10$kEhK5holYOBbC8EPY664KuNVuZgQ7kVr5M3C82DwgeKk99heoli9m', '', 1, '2016-12-19 14:48:33', '2016-12-19 14:48:33'),
(1415, 2, 286, 'gulzaralam566@gmail.com', '$2y$10$WKfapYr2g51g/F9zQUdqdufdCWB1un8ppx3WXLrefCnep9i2S/rYm', '', 1, '2016-12-19 14:48:33', '2016-12-19 14:48:33'),
(1416, 0, 21, '', '$2y$10$c9XohPa6AZhD6CxvD4N0huQemxRvaL1Z79kQPQfeMVjtMPUUPykcm', '', 0, '2016-12-19 14:55:57', '2016-12-19 14:55:57'),
(1419, 2, 287, 'alishamehta97@gmail.com', '$2y$10$KL.4OfJAENQoK46SNN5AHeNtkFsRyIM9vz/Zo8Ioy1t5gVCcKGA.m', '', 1, '2016-12-19 15:14:23', '2016-12-19 15:14:23'),
(1420, 2, 288, 'goldencombsalon@gmail.com', '$2y$10$I.qV75eDaw.65g51nXkZQeNE5TrLLEqN3EN78DR0Q7ydJfBsBnx3W', '', 1, '2016-12-19 15:14:42', '2016-12-19 15:14:42'),
(1421, 2, 289, 'nazimsamer@gmail.com', '$2y$10$2Z6ld8sgtmQlRGCmVn0.guXd/kgIZZKd8wpTHl6PrTz8K9saFNZW6', '', 1, '2016-12-19 15:20:45', '2016-12-19 15:20:45'),
(1422, 2, 290, 'dheeraj.decent@gmail.com', '$2y$10$z7fYwv4yR1eZN0wdY8/BL.ARd6C40fo0zSsAHdsnYPT64ILyxmZE.', '', 1, '2016-12-19 15:33:21', '2016-12-19 15:33:21'),
(1423, 2, 291, 'shahzadalam55@gmail.com', '$2y$10$QmOqjS4QEVx4EORSIQ5E0uNsTbP5RSSv92ksCgLrJUAuvJ3VqUc9G', '', 1, '2016-12-19 15:33:23', '2016-12-19 15:33:23'),
(1424, 2, 292, 'haiderali642@gmail.com', '$2y$10$/T1Cxjb6MnELxnZot4ls.uRoXH11H.UJdg9gmmneY/2V5JyXyEFt2', '', 1, '2016-12-19 15:39:24', '2016-12-19 15:39:24'),
(1425, 2, 293, 'zubabeautysalon@gmail.com', '$2y$10$t2XW1u5eV6.qkazFtzs3i.0ZSI3X3/85N9EKxOfe3mO.Yxh6Y1vvi', '', 1, '2016-12-19 15:39:25', '2016-12-19 15:39:25'),
(1426, 2, 294, 'jyotisharma786.sj@gmail.com', '$2y$10$tfX696fFeE7BhsHx2vn7VOgUav4pIOfaFyfY2dGA5eKluBC/ffYbe', '', 1, '2016-12-19 15:42:27', '2016-12-19 15:42:27'),
(1427, 2, 295, 'anitabhutani33@yahoo.com', '$2y$10$Md/zs/QXTPw2qxDtdU/jru35QMy398sE1fgkCs8RZdQnKmTx8HZGa', '', 1, '2016-12-19 15:42:47', '2016-12-19 15:42:47'),
(1428, 2, 296, 'rakhishrm814@gmail.com', '$2y$10$IA2GiZ4VJsuSedI0YrYCLO1tLfvWx5REceBV1bK06iFqCS1p4DtBi', '', 1, '2016-12-19 15:44:48', '2016-12-19 15:44:48'),
(1429, 2, 297, 'surmaikavita@gmail.com', '$2y$10$ZaeQr.2cfj8RCSkbc58r5e0CgnzEvUyThRYV.Wpayd.m9U5ACWQxu', '', 1, '2016-12-19 15:45:11', '2016-12-19 15:45:11'),
(1430, 2, 298, 'sudha2009@gmail.com', '$2y$10$EF0pdN2sW805mm48i8Pzquzrte8igYsAUVQ.n9MtvbtpabX/OmqEy', '', 1, '2016-12-19 15:54:06', '2016-12-19 15:54:06');
INSERT INTO `users_22-12-2016` (`id`, `role_id`, `user_id`, `username`, `password`, `facebook_id`, `status`, `created`, `modified`) VALUES
(1431, 2, 299, 'wellnessunisexsalon@gmail.com', '$2y$10$7pipH106faYlbfF6lJtPpOS6lL1XYQmB03Nvd1JL.EeW1p0QiMNdq', '', 1, '2016-12-19 15:54:23', '2016-12-19 15:54:23'),
(1432, 2, 300, 'nadeemahmed458@outlook.com', '$2y$10$muTgiDvXjsinVrlm5LqcWOPCRvQZSu5e3u4jW3DcAGlgWinERuDiG', '', 1, '2016-12-19 16:02:00', '2016-12-19 16:02:00'),
(1433, 2, 301, 'khany9518@gmail.com', '$2y$10$cHSaYUbugl/NfRcmniCfSuzKWo8NexZO2fbULxzfAcjefmKCA.RQW', '', 1, '2016-12-19 16:02:00', '2016-12-19 16:02:00'),
(1434, 2, 302, 'zohaib4589@outlook.com', '$2y$10$PlQ388eA79zBhnFFoofzdenAl1h2Ak0br5UsxPFsiClGNj/ss1SNW', '', 1, '2016-12-19 16:15:56', '2016-12-19 16:15:56'),
(1435, 2, 303, 'shadab4589@rediffmail.com', '$2y$10$Ue0Yo5kWZkDEt2TE8pIlIOyAh4j/TVBeatvFSzPzHRo9O6eH/lozS', '', 1, '2016-12-19 16:29:28', '2016-12-19 16:29:28'),
(1436, 2, 304, 'winteshsachdeva@yahoo.com', '$2y$10$.mUZtZZA4Q.JGTieY8zY.Op9h9wt0GnKaijT8uULHhC9Jk8/rerni', '', 1, '2016-12-19 16:33:50', '2016-12-19 16:33:50'),
(1437, 2, 305, 'harkesh.saini@outlook.com', '$2y$10$LMTfz1J73pDe1ucA7p6oXe8lKVFOXGVhOETQBHVNiToEmrn/3DZli', '', 1, '2016-12-19 16:35:45', '2016-12-19 16:35:45'),
(1438, 2, 306, 'pooja.goyal29@outlook.com', '$2y$10$bZEGzKoXU487qlWqlX6uKu.fNPvQVdjgOsl27oBLVeNzfRYfk6B7y', '', 1, '2016-12-19 16:40:00', '2016-12-19 16:40:00'),
(1439, 2, 307, 'bhawnamagoon458@yahoo.com', '$2y$10$O2msDLki33sKrnsGNfNrWOiBrHETjPL/YYW3C4fkYWaqwjei.Bh.G', '', 1, '2016-12-19 16:45:12', '2016-12-19 16:45:12'),
(1440, 2, 308, 'ibrar.ibrar@outlook.com', '$2y$10$ULoHVI2Udoeovj8erPAeCOD8HOAdJzqHaRXtlSL.7Zec21dnQiING', '', 1, '2016-12-19 16:46:25', '2016-12-19 16:46:25'),
(1441, 2, 309, 'tannu29@outlook.com', '$2y$10$GHB6Lo2dDB4NUbpKZGntleDPEOCdctSVzBCFYaO7NQD/WgtTi8cqS', '', 1, '2016-12-19 16:49:07', '2016-12-19 16:49:07'),
(1442, 2, 310, 'renukakkad29@outlook.com', '$2y$10$/6eXuRSd4PodcMyzawdaD.RwpVto8T984O8g0o03/U8Wg41FaOH96', '', 1, '2016-12-19 16:52:07', '2016-12-19 16:52:07'),
(1443, 2, 311, 'tanvi2900@outlook.com', '$2y$10$AaDxp.VLnqxAC8Do3PlRxe1RqdfJ7S/P7q68IaZ408brlYeehNoey', '', 1, '2016-12-19 16:55:29', '2016-12-19 16:55:29'),
(1444, 2, 312, 'scissor_sound@yahoo.com', '$2y$10$c3vhkcXJpqmj9cfYSLv5G.vBrwScSUeQ.JUC1s4tZis9MEzJ0X.s6', '', 1, '2016-12-19 17:12:30', '2016-12-19 17:12:30'),
(1445, 2, 313, 'akshitanand1991@gmail.com', '$2y$10$16QyX87ytKbT2UQqSr2JpOR58ijiq6I9YcG2Zagws08XWvixRgEkK', '', 1, '2016-12-19 17:15:08', '2016-12-19 17:15:08'),
(1446, 2, 314, 'raman_hmd@yahoo.com', '$2y$10$xUljeyVrJQZ/N1pTlDjhYuxEM9AceQsCHK1RCMopVpD/.ho9Gftym', '', 1, '2016-12-19 17:16:25', '2016-12-19 17:16:25'),
(1447, 2, 315, 'chingriwonhungyo@gmail.com', '$2y$10$QTEVYqSHIDP9Q4Ilaty7v.G0floA27VM7ZSkwrC8oGWjFR39nm.zq', '', 1, '2016-12-19 17:18:43', '2016-12-19 17:18:43'),
(1448, 2, 316, 'shagunbeautyparlour3@gmail.com', '$2y$10$mQg3nKcDoI8lCtqC5J0sHeLPqmstChnkRdzo2eYQv9VxWJ0Rzu0tq', '', 1, '2016-12-19 17:22:16', '2016-12-19 17:22:16'),
(1449, 2, 317, 'ksam9379@gmail.com', '$2y$10$5/Bp6mkiLsl08ZJF/hZ.T.TFGKk0e7JETmJLCj3mj0K0v17Etrd2e', '', 1, '2016-12-19 17:22:16', '2016-12-19 17:22:16'),
(1450, 2, 318, 'rihan.rk705@gmail.com', '$2y$10$1U.IpuOmOal56P7q870J1unneLBAW2V.b0HCrqSjWdhqs29ivXohe', '', 1, '2016-12-19 17:22:16', '2016-12-19 17:22:16'),
(1451, 2, 319, 'salmansalmani@gmail.com', '$2y$10$MchVw1UZfnbCEtM2ND7BWO/8tsgtH7KEd8zjDTUid8.ryxHhavGVi', '', 1, '2016-12-19 17:22:16', '2016-12-19 17:22:16'),
(1452, 2, 320, 'khan.16321@gmail.com', '$2y$10$axs7Vu16wkiNF3rsKwb9MOHAnitRy9TRzGaMkt28Yhy4WXSOh4//2', '', 1, '2016-12-19 17:32:27', '2016-12-19 17:32:27'),
(1453, 2, 321, 'vipinkmr724@gmail.com', '$2y$10$d6MN26E/tA./865/kd4zTeN6iy3XeVgUjk77Z.5KNUetiQel.fi4C', '', 1, '2016-12-19 17:32:27', '2016-12-19 17:32:27'),
(1454, 2, 322, 'n.a.pankajkadonia@gmail.com', '$2y$10$LkhNjLPyQZM9zfiIjc7FcuK/Ws0L3K0gSJq4MPJ1mgts8Ll2xGWsG', '', 1, '2016-12-19 17:32:27', '2016-12-19 17:32:27'),
(1455, 2, 323, 'pkkumar9576@gmail.com', '$2y$10$Jar7y4OXFMmDZGEeIb4cSej8bYQNsMZQmpLuPXkgpV5Sa0q.eOHBW', '', 1, '2016-12-19 17:32:27', '2016-12-19 17:32:27'),
(1456, 2, 324, 'khan16321@gmail.com', '$2y$10$yXB5buEjtJWHXgcmzIrc7.yb4OC2AklzxqLihNieqzVRcs2FNqtVm', '', 1, '2016-12-19 17:33:08', '2016-12-19 17:33:08'),
(1457, 2, 325, 'swissparlour@gmail.com', '$2y$10$r1SYlxkpoe33QdJ17i1I3.5VvdR9AgJUKQWWnQfjOZyWDzn8Nmj02', '', 1, '2016-12-19 17:33:08', '2016-12-19 17:33:08'),
(1458, 2, 326, 'assaloon445@gmail.com', '$2y$10$Ilj5vqlq1nqDli5PcrnWUeS.aQy2k0XjYr1CDoiZr1/ctNtSMuWai', '', 1, '2016-12-19 17:33:08', '2016-12-19 17:33:08'),
(1459, 2, 327, 'luckystargentsalon@gmail.com', '$2y$10$5e/KvI5aA8BxQEp9ygR23ODwLlgCcQjHTbOCcL.TUhxeh28X3uqx.', '', 1, '2016-12-19 17:33:08', '2016-12-19 17:33:08'),
(1460, 2, 328, 'nafeestrimntouch@gmail.com', '$2y$10$a3DN6dRc.Xblf69GGUZRU.lczxp5K/pj1.WlD3WRFsipZlOsjPZK.', '', 1, '2016-12-19 17:33:35', '2016-12-19 17:33:35'),
(1461, 2, 329, 'nafeesahmed56@gmail.com', '$2y$10$JUcekRwD2wM/xFUSAfeuuuqO0JoTWXg09IAJTRkFZHD5Mzh6zv.QO', '', 1, '2016-12-19 17:33:35', '2016-12-19 17:33:35'),
(1462, 2, 330, 'threestarsaloon@gmail.com', '$2y$10$7muNXszi3Lwsi.u3uVOTB.DUUnJOXXzf04dwHc1bQGH3kcVFDxRuu', '', 1, '2016-12-19 17:33:35', '2016-12-19 17:33:35'),
(1463, 2, 331, 'javedhabibunisexsalon@gmail.com', '$2y$10$SZj1MsoaAASWt3GhK9Fd8uJwcLoyIK5nzZUbdiLkskGX3GwEvHTim', '', 1, '2016-12-19 17:33:35', '2016-12-19 17:33:35'),
(1464, 2, 332, 'redrosesaloon@gmail.com', '$2y$10$Wz/B5pDJENkvRJ4Yhf1u0uCRQaIvjei97C35cmPMOMGvACaZ/R5v.', '', 1, '2016-12-19 17:35:06', '2016-12-19 17:35:06'),
(1465, 2, 333, 'smartsaloon07@gmail.com', '$2y$10$RPWi7y75bCgI8bbElAopD..fdAQNKuWA6c/ota7pafwW.oT8MZl2G', '', 1, '2016-12-19 17:35:06', '2016-12-19 17:35:06'),
(1466, 2, 334, 'scissorunisexsaloon24@gmail.com', '$2y$10$mj0E4nUJtuaIkAvJG5rKc.XTHYhxSvfAb.3yA6fEK/F5kU6rmBuOO', '', 1, '2016-12-19 17:35:06', '2016-12-19 17:35:06'),
(1467, 2, 335, 'cutelooksaloon@gmail.com', '$2y$10$6ecjXbwg5GnINdGxEj8G0euo2f9fUUfWSxT9IONU0f.MZ0/Qmkzw.', '', 1, '2016-12-19 17:35:06', '2016-12-19 17:35:06'),
(1468, 2, 336, 'lifestylesaloon026@gmail.com', '$2y$10$WKir48XYk6zBlMM0340Et.gG91rZ54yQB66cph8Jm3XTiN40ZZx.O', '', 1, '2016-12-19 17:35:06', '2016-12-19 17:35:06'),
(1469, 2, 337, 'syzermenssaloon@gmail.com', '$2y$10$nRxBS/IvVDGMCkrJuo/iee2JEJh7DHdkaJ8F1p/Tp0/DqT3/CRSi.', '', 1, '2016-12-19 17:35:07', '2016-12-19 17:35:07'),
(1470, 2, 338, 'metrogentsparlour@gmail.com', '$2y$10$Naus1qH//X2JCNUnzALXaeV/kyup/BcCz3j7PLK5uKBeMZWnq1gAO', '', 1, '2016-12-19 17:35:07', '2016-12-19 17:35:07'),
(1471, 2, 339, 'trendytattooz143@outlook.com', '$2y$10$oWOfgpvOto3902VT.ep4JeajAwiCn1RRrI4xNu7JmM3aBrJEEB10S', '', 1, '2016-12-19 17:35:44', '2016-12-19 17:35:44'),
(1472, 2, 340, 'newbigboss4455@gmail.com', '$2y$10$q1lxRvda4ggRB0ECW1PmRO5G6D1mnKGrF3.RzngvLQW87eRmwha6W', '', 1, '2016-12-19 17:36:13', '2016-12-19 17:36:13'),
(1473, 2, 341, 'bablunewlooksalon@gmail.com', '$2y$10$hZew63CqFxqLChlRt98lBeEDqctvvQOBLng2Y7A6sPCGvKAiMtLWG', '', 1, '2016-12-19 17:36:14', '2016-12-19 17:36:14'),
(1474, 2, 342, 'newlooksmenssaloon@gmail.com', '$2y$10$swwr3zDkdl68RZMQK34kveXfAYpuR3gvheGIAULtw6.Mc36yKarFC', '', 1, '2016-12-19 17:36:14', '2016-12-19 17:36:14'),
(1475, 2, 343, 'cosmounisexsalon@gmail.com', '$2y$10$fTJxdcWHykBY6BlL71Iz8uFideXg.DuREnJzgN326.a5Q2mhPE1Ce', '', 1, '2016-12-19 17:36:14', '2016-12-19 17:36:14'),
(1476, 2, 344, 'stellabeautypoint@gmail.com', '$2y$10$GXddH1JTIOo4ijPhd5PgZe5W4H4x76ApS/fvf.q31flHyAStRMX4K', '', 1, '2016-12-19 17:36:14', '2016-12-19 17:36:14'),
(1477, 2, 345, 'nishant.soni90@yahoo.com', '$2y$10$KypunhCTOBWcHUHCxFZ6Mufbo5QmqEw.ogStLZNO61iKo/YWJgpQi', '', 1, '2016-12-19 17:36:14', '2016-12-19 17:36:14'),
(1478, 2, 346, 'naileditartstudio@gmail.com', '$2y$10$aGpt6K6HEquzXESWX8MnxeN/tgN.FeJqeirY0z4YUrRJaxOvjMB2a', '', 1, '2016-12-19 17:41:31', '2016-12-19 17:41:31'),
(1479, 2, 347, 'veenad458@gmail.com', '$2y$10$JQbcne9jHiFLaj98t4pwv.zsVBcC4sYq4/ZI3saFqooG8WNAbPatO', '', 1, '2016-12-19 17:44:37', '2016-12-19 17:44:37'),
(1480, 2, 348, 'dreamnails@gmail.com', '$2y$10$Y.0NN0HG2kG32lvbzG9lz.4CEbH0yCKtTwxJZhy4bNkxYMlJOAfKG', '', 1, '2016-12-19 17:46:19', '2016-12-19 17:46:19'),
(1481, 2, 349, 'anjumanocha1@gmail.com', '$2y$10$lWqREGKaO8uKkvRL4U7yf.zMGTDM9c0L2THWJe7/4p0wy/NuWyigC', '', 1, '2016-12-19 17:52:20', '2016-12-19 17:52:20'),
(1482, 2, 350, 'chmanmeet@gmail.com', '$2y$10$.zotFpUoI6v2Q.DoEJ6VxekS5VwBY2RADWf3swQomwCTJOcufV0cm', '', 1, '2016-12-19 17:52:21', '2016-12-19 17:52:21'),
(1483, 2, 351, 'info@naughtynails.in', '$2y$10$Zp5629sb//gkbCnhuNEj7OlzikrvfpASoyqWGzp8PPCoN0Ow3MpAG', '', 1, '2016-12-19 17:52:21', '2016-12-19 17:52:21'),
(1484, 2, 352, 'nailallure15@gmail.com', '$2y$10$dx8Q5dsFspNAwiuT3Ob.IOkIgBbt7JCESP.T6dUvkziLAtLFKi8tG', '', 1, '2016-12-19 17:52:21', '2016-12-19 17:52:21'),
(1485, 2, 353, 'nailme9999@gmail.com', '$2y$10$w1im86MxsyPum2EAdr1r5OyP/b65kLEEd58BF1eyyrQxvYzcgLRvG', '', 1, '2016-12-19 17:52:21', '2016-12-19 17:52:21'),
(1486, 2, 354, 'gvahshssh@yahoo.com', '$2y$10$XhFx3bLCfzTqE.jC1KSTj.HhDpYoRlxadiXuRCAygHGrE4czla9z2', '', 1, '2016-12-19 17:55:48', '2016-12-19 17:55:48'),
(1487, 2, 355, 'aadyanailstudio@gmail.com', '$2y$10$/NpI88JPtSC73eQhn6l7Yeuho9l7AglfxevwqbWxmoQyTGEbKdGVi', '', 1, '2016-12-19 17:58:37', '2016-12-19 17:58:37'),
(1488, 2, 356, 'rohit143@gmail.com', '$2y$10$u8Q64XnYMxoVZrg/hQKgTeSwkalWrEKZFvbnnay2.nfrdyURKaoDS', '', 1, '2016-12-19 17:58:37', '2016-12-19 17:58:37'),
(1489, 2, 357, 'shalumehta311@gmail.com', '$2y$10$5YDz99fxRhH286Ek4s/yzuDpViKjVyEN7wJtZPVGzqEY1DjoRKCuG', '', 1, '2016-12-19 17:58:37', '2016-12-19 17:58:37'),
(1490, 2, 358, 'barbienailstudio@gmail.com', '$2y$10$4tdTUqMCvgjIaGj//EgqJu.vfWfxYufeCSWhyQLPs7Rr3DAz1GXcm', '', 1, '2016-12-19 17:58:37', '2016-12-19 17:58:37'),
(1492, 2, 360, 'ssss@gmail.com', '$2y$10$zx2FLv4j/P2f73KKxJdMBezI8/1FiLB5Of4B3cJEZOGYXpPKrwOJ.', '', 1, '2016-12-19 18:29:40', '2016-12-19 18:29:40'),
(1493, 2, 361, 'drspy.physio@gmail.com', '$2y$10$A2zmq9exv/ncQxkF/7tML.mTAG.JpduzEH55fn7ZcEYgrODYGp7Tu', '', 1, '2016-12-20 10:47:20', '2016-12-20 10:47:20'),
(1494, 2, 362, 'vermapushpendra723@gmail.com', '$2y$10$M.PvxFa1srNIH3lHJgbzHuHByHiEULeEOFVRSPCp2p.F89dGpWSIK', '', 1, '2016-12-20 10:47:20', '2016-12-20 10:47:20'),
(1495, 2, 363, 'haobamelizabeth@gmail.com', '$2y$10$/TMnl3VK3.OlGA8tYOzhfenbPC1WNib9fHWvfaLI./rBi9QyFqWO6', '', 1, '2016-12-20 10:47:20', '2016-12-20 10:47:20'),
(1496, 2, 364, 'mohanlal1500@rediffmail.com', '$2y$10$Ra4a3PVLBmxknNNlbpL9BOa2eF.XA6MX9W/CZNHccUSYxkY1tzC/C', '', 1, '2016-12-20 10:47:20', '2016-12-20 10:47:20'),
(1497, 2, 365, 'chetna.singh110@gmail.com', '$2y$10$YG.ef.ID2bRtt1Z4hm6nIeOMieJQQ50NsCKmt0gxmZuHQU3KNOHMy', '', 1, '2016-12-20 10:47:20', '2016-12-20 10:47:20'),
(1498, 2, 366, 'drbirendrap3@gmail.com', '$2y$10$4SOISu83UEUNxIaI3/ek8uStn/vgUa7HhrWgSGPDktViMD74NiDJm', '', 1, '2016-12-20 11:02:17', '2016-12-20 11:02:17'),
(1499, 2, 367, 'physiosajal@gmail.com', '$2y$10$M90SsRrEm.geZ5vipRANkOS8QpUaPD4i3NndiCEiFt1YfcQHq/dBW', '', 1, '2016-12-20 11:02:17', '2016-12-20 11:02:17'),
(1500, 2, 368, 'abhilashacoty@gmail.com', '$2y$10$vmxXUdk5EYlLFjmV5uIFhuGBYHKyWI02/2LfZAds21KoO3JbRwfhi', '', 1, '2016-12-20 11:02:17', '2016-12-20 11:02:17'),
(1501, 2, 369, 'vinaykumarmorya555@gmail.com', '$2y$10$Mir39YWXRGB.g7hA8WlOneKhahVDc3yBgbCKr3J18GWJKodydgjR6', '', 1, '2016-12-20 11:02:17', '2016-12-20 11:02:17'),
(1502, 2, 370, 'faizanphysio12@gmail.com', '$2y$10$6KNQhZQd.8y00Pe4EmqkJOXtRdZ9PGsPBsFduD2YackDG9D18G1tK', '', 1, '2016-12-20 11:02:17', '2016-12-20 11:02:17'),
(1503, 2, 371, 'kajalparlour@gmail.com', '$2y$10$2tWdqrMOBo8GKALYsSIlSeYdWak8R3sl8gwfjxozlaErJ0FCTpDYW', '', 1, '2016-12-20 11:08:04', '2016-12-20 11:08:04'),
(1504, 2, 372, 'ayushibeautyparlour@outlook.com', '$2y$10$wkvOPPtumr/CkfMlRnNbK.JVs0qV.0xspuIVU8/dmiBBVRdrOAhZu', '', 1, '2016-12-20 11:08:51', '2016-12-20 11:08:51'),
(1505, 2, 373, 'shweta2900@outlook.com', '$2y$10$coWhDuKG250A9JOZ/VR6/.CozQWmHlMWKXogImRxRY2QcBZ1mO4xG', '', 1, '2016-12-20 11:08:51', '2016-12-20 11:08:51'),
(1506, 2, 374, 'poojabparlour@yahoo.com', '$2y$10$N95Nqq1zYGHRoHljcxjpOuvXvwpmdbhdtERTxg8vE9VXdFpLeLLje', '', 1, '2016-12-20 11:08:51', '2016-12-20 11:08:51'),
(1507, 2, 375, 'bala.manju21@gmail.com', '$2y$10$huruZewQ2O8.QUSUA5JSHezx5DANC6c5w9fIHUfWd4mtlzTHtaP9S', '', 1, '2016-12-20 11:11:57', '2016-12-20 11:11:57'),
(1508, 2, 376, 'dr.girish_pt@yahoo.in', '$2y$10$KPmwylX3JSI8pjk4J/2EhesKceB6hzfmwtXjp1pdizGzThGlRVKom', '', 1, '2016-12-20 11:11:57', '2016-12-20 11:11:57'),
(1509, 2, 377, 'sonukr1210@gmail.com', '$2y$10$ydOhEI8tom5UvnIjcr5ub.bIdS0eQVwGXgrqPCTwpmcldVqc5oVMO', '', 1, '2016-12-20 11:11:57', '2016-12-20 11:11:57'),
(1510, 2, 378, 'binit84@gmail.com', '$2y$10$vB6frp1ebvw7wNAYH/9fhecKObjNe9wqgTsc.Zw2jgTxAT3H6dIJq', '', 1, '2016-12-20 11:11:57', '2016-12-20 11:11:57'),
(1511, 2, 379, 'sarojbhatia@gmail.com', '$2y$10$bLOXVO3CHaFF7863s43vF.p3cFkps3bSqIhQ0tlkvdQ.GAN3GHyqW', '', 1, '2016-12-20 11:11:57', '2016-12-20 11:11:57'),
(1512, 2, 380, 'sankalp.hospital41@yahoo.in', '$2y$10$iI85SRfFYom7M19J8s7anu0pWUUA6TVRzO.bHkcZX2su/FltgTnde', '', 1, '2016-12-20 11:11:58', '2016-12-20 11:11:58'),
(1513, 2, 381, 'anilaggarwal03@gmail.com', '$2y$10$doH5m1Q0g.7M5XnCiml.le0zM7HayRHSKPgVwR2YYTZHB5YA8HPzy', '', 1, '2016-12-20 11:47:15', '2016-12-20 11:47:15'),
(1514, 2, 382, 'drmeenu.physio@gmail.com', '$2y$10$/gAs.rHSna5.3R2shePSrOI5dXihqYPIC8DWi6D.JV2yn/RinPqDq', '', 1, '2016-12-20 11:47:15', '2016-12-20 11:47:15'),
(1515, 2, 383, 'brajmohanbharti@gmail.com', '$2y$10$9SHS6Ph2pvpHQK7FYzIEnOMBrdVgpzzBtn1LbWEFwZZIm2HCPFkhW', '', 1, '2016-12-20 11:47:15', '2016-12-20 11:47:15'),
(1516, 2, 384, 'delhiphisio@gmail.com', '$2y$10$BvYCdv5g0bUW6ZMvf0RH9edn7NCwEEw0ZZy5srNDIRPVYokxMBn2O', '', 1, '2016-12-20 11:47:15', '2016-12-20 11:47:15'),
(1517, 2, 385, 'drdkphysio@yahoo.com', '$2y$10$dN8k0JQd62QD74C3.JAyZ.llJvD9sVVgKVQePlhavK0ys6h0czxOW', '', 1, '2016-12-20 11:47:15', '2016-12-20 11:47:15'),
(1518, 2, 386, 'drruchivarshney@gmail.com', '$2y$10$PcwLjO87KuzBCzLLJyRoLeDqxViRNlZjXTPFMrUmMbi1qCMtnijw6', '', 1, '2016-12-20 11:47:15', '2016-12-20 11:47:15'),
(1519, 2, 387, 'who.chandan@gmail.com', '$2y$10$yu3ejczbDMNa1opSk6MZb.M03aDxfojWyXfynMUFTKJ6RXzK7uGgy', '', 1, '2016-12-20 11:47:15', '2016-12-20 11:47:15'),
(1520, 2, 388, 'anupama.sunariya@gmail.com', '$2y$10$JzAroLOzuMGMPGzTKxtsSOURhSexQhOyUB/AYXAMNlM4qvscYj062', '', 1, '2016-12-20 11:57:47', '2016-12-20 11:57:47'),
(1521, 2, 389, 'healinghands.physio@gmail.com', '$2y$10$IE8O4F4mSjAsX5NC82krg.CHJgJSaGDx9EHbcJZcyiobZFhkJizIi', '', 1, '2016-12-20 11:57:47', '2016-12-20 11:57:47'),
(1522, 2, 390, 'leposhunisexsalon@gmail.com', '$2y$10$SJL.UwGxmzIeX7TPmIAqBOCI3BrylSpz2KkH17/Ux5eLYJd6irlAC', '', 1, '2016-12-20 12:07:42', '2016-12-20 12:07:42'),
(1523, 2, 391, 'mdriyaz2900@gmail.com', '$2y$10$wDuVH/6lKaVI.qz8lzmcs.g.WymipbNupehCUkt9VGzk7CqK1yJhu', '', 1, '2016-12-20 12:11:21', '2016-12-20 12:11:21'),
(1524, 2, 392, 'jayantmanchanda29@outlook.com', '$2y$10$lQexQuf7GFjaUTWFRKpTBOjALxUSqYp0vYIxwbhLLJ7E5i3REAUq6', '', 1, '2016-12-20 12:19:17', '2016-12-20 12:19:17'),
(1525, 2, 393, 'drmanishverma458@rediffmail.com', '$2y$10$R.dMb7ACHDAIb064isZStu4vSYRaVj2RZQWPfM.kSj5.Yzkj6NE7S', '', 1, '2016-12-20 12:19:17', '2016-12-20 12:19:17'),
(1526, 2, 394, 'drpankajkumar12@outlook.com', '$2y$10$hahbEqT0R9x8BE4wmDHvsOMe5G2jxfYOTAsNhwGmfUiirXMXyGnOi', '', 1, '2016-12-20 12:19:17', '2016-12-20 12:19:17'),
(1527, 2, 395, 'jainsharma@rediffmail.com', '$2y$10$RgDd0.L.sIS.x3fSVBintOJVBr5ESewSSDkXcyGbhkWYKK7gxrknu', '', 1, '2016-12-20 12:19:18', '2016-12-20 12:19:18'),
(1528, 2, 396, 'deepakkumar51@gmail.com', '$2y$10$PZoKh2DlTyiOvuuxJEjl9eq3k.ti0sme6O/bIEl1v2xmgeRCh6/LG', '', 1, '2016-12-20 12:19:18', '2016-12-20 12:19:18'),
(1529, 2, 397, 'drajay458@rediffmail.com', '$2y$10$htSKQk/OB4QAB/7/ZWD1I.zybre4ReEDj5iQEKutZG.w/wwUSDSZi', '', 1, '2016-12-20 12:29:47', '2016-12-20 12:29:47'),
(1530, 2, 398, 'drvmunjal@rediffmail.com', '$2y$10$rjHy/oIxCOn5Ka5vAZiS1.2NBjChN4lqpveuXO1D1GD30rXosCWgK', '', 1, '2016-12-20 12:29:47', '2016-12-20 12:29:47'),
(1531, 2, 399, 'khatryprempari@yahoo.com', '$2y$10$AO7t9.tYAPPZ873iwQBoMOxn0PDhnLVN.VfoZkgX4cSMCEbPKxMpq', '', 1, '2016-12-20 12:29:47', '2016-12-20 12:29:47'),
(1532, 2, 400, 'nehasharma_iph@rediffmail.com', '$2y$10$j82jgctgEEyAJE79UiPz6uLa2h1NEruRUcm00Jtv10h0pF2pkhF1m', '', 1, '2016-12-20 12:29:47', '2016-12-20 12:29:47'),
(1533, 2, 401, 'vinit36@gmail.com', '$2y$10$7PjUiLqNd6Z7MysfolcffuRJh5Pk6vu06727TQC0nZ9C849AtKtYC', '', 1, '2016-12-20 12:29:47', '2016-12-20 12:29:47'),
(1534, 2, 402, 'sgarg748@gmail.com', '$2y$10$OfgVb2fSOzl6ZuNZfmTec.5Fe0QCLMkoMFxuWCG4rI7Fg0VOrzgJK', '', 1, '2016-12-20 12:29:47', '2016-12-20 12:29:47'),
(1535, 2, 403, 'ravikantdgp@gmail.com', '$2y$10$4WhP2c3yuaIrcsFu9v.HMuSU0GJfPjI7OyUiEFuB6WkUn366iOFjS', '', 1, '2016-12-20 12:33:58', '2016-12-20 12:33:58'),
(1536, 2, 404, 'shivmangal171084@gmail.com', '$2y$10$donL21llLKZtpI4uN7yxI.x5900lnCkm3zaS/O//0tYzBrc3ytXHW', '', 1, '2016-12-20 12:33:58', '2016-12-20 12:33:58'),
(1537, 2, 405, 'info@geetanjalisalon.com', '$2y$10$NYsqc.SIrcNmMw80ZMh3BuxHnYuYtj0PqLZ1jbLSrZb83Di6Q.mvC', '', 1, '2016-12-20 12:35:25', '2016-12-20 12:35:25'),
(1538, 2, 406, 'Orane.motinagar@gmail.com', '$2y$10$2l63muSEEI56BMO5aFR3u.whL74vj/s.Svg6OYOVD/pNsUalQlK06', '', 1, '2016-12-20 12:35:42', '2016-12-20 12:35:42'),
(1539, 2, 407, 'suramayastudio@gmail.com', '$2y$10$MWGsmYVnO1BM/hME41MLY.zwDGgHBuRbsW0urBK7bfJIfEyct2Zm6', '', 1, '2016-12-20 12:35:42', '2016-12-20 12:35:42'),
(1540, 2, 408, 'aamnasalon@gmail.com', '$2y$10$BIBgLqQmhHKgTDvAWFveVOCNxJ6IJFHrldsDYefXg0Vh1xeQowKhK', '', 1, '2016-12-20 12:35:43', '2016-12-20 12:35:43'),
(1541, 2, 409, 'instyleimages2009@gmail.com', '$2y$10$IfY9MSxv5pQZfo8XrJ2l.eJ0TLbLvEY10lczexWjkFNBBi25C6CEW', '', 1, '2016-12-20 12:36:04', '2016-12-20 12:36:04'),
(1542, 2, 410, 'javedhabib@ymail.com', '$2y$10$hFqhraO2DW7aQIzjJVadouMLXyZO3yIO4ARAePHETuazOKHefLYdW', '', 1, '2016-12-20 12:36:04', '2016-12-20 12:36:04'),
(1543, 2, 411, 'janakpuri.naturals@gmail.com', '$2y$10$6ZsMuMlWgJSnQPF5WFfAoO1i648XX1fmQDi9MkGBTFTD6/GQTK8C2', '', 1, '2016-12-20 12:36:04', '2016-12-20 12:36:04'),
(1544, 2, 412, 'mohdyasin766@gmail.com', '$2y$10$zD7wD9xHVwLe7.1y22tOU.qGqM7BV1W5zd8.fc0aTKXV7TPXjFcMG', '', 1, '2016-12-20 12:36:30', '2016-12-20 12:36:30'),
(1545, 2, 413, 'kaayabeauty@gmail.com', '$2y$10$z0X2oeh3prOsQqbYhnNk5uJjeTUsr4CTFD2aIAMX9OV6aGy./OzIC', '', 1, '2016-12-20 12:36:30', '2016-12-20 12:36:30'),
(1546, 2, 414, 'cut.shades@gmail.com', '$2y$10$bjEQAqUC84vrdkmM9g2LMerT.OCYRrXzbiUcdEipCSOO9wYxZZaYC', '', 1, '2016-12-20 12:36:30', '2016-12-20 12:36:30'),
(1547, 2, 415, 'info@gofasttrack.in', '$2y$10$2aa9MbfC6V6b97gfVGFFr./2b3afiMgAGRUKAXZprSZu0qlKiLi9m', '', 1, '2016-12-20 12:41:01', '2016-12-20 12:41:01'),
(1548, 2, 416, 'nitindancemaster@gmail.com', '$2y$10$DBVj1EkSi4EjEhrfQG1ZnO3yGx5zdMImp5okX56FKXRICNhZe8jdG', '', 1, '2016-12-20 12:41:16', '2016-12-20 12:41:16'),
(1549, 2, 417, 'hkharleenkour905@gmail.com', '$2y$10$Be7lpPwywlawxV629lG8/e2tgPfh8Hn.3Yv0xq2OgemU885ex6MMG', '', 1, '2016-12-20 12:41:28', '2016-12-20 12:41:28'),
(1550, 2, 418, 'info@teamcore.club', '$2y$10$Gb6I4ma8oDF8zovUlhSL/OtSNr7z.kA0YjCD0Ba4q6T5ZXBK4EwT6', '', 1, '2016-12-20 12:41:41', '2016-12-20 12:41:41'),
(1551, 2, 419, 'rajkhurana@gmail.com', '$2y$10$vIw4Jf7Q7ddLnCkHDnyykewSZrCEbP05gxNU1xRieUJUrSFdleeri', '', 1, '2016-12-20 12:41:59', '2016-12-20 12:41:59'),
(1552, 2, 420, 'shikhatiwari1234@gmail.com', '$2y$10$l1U9ADq8aT5N3m5advSyv.BwRJ/0d4HjrN6iFl/z2YCNzLxOSUna.', '', 1, '2016-12-20 12:42:10', '2016-12-20 12:42:10'),
(1553, 2, 421, 'rinky.jha.12@gmail.com', '$2y$10$v5fIHdikuDS66SICKf99ruKBhI4h2Vk.XpNYUkC7lbYgThOUhEXEG', '', 1, '2016-12-20 12:42:18', '2016-12-20 12:42:18'),
(1554, 2, 422, 'pravinravi.ry@gmail.com', '$2y$10$CLQOMThF0s4msRc5wjZENuUWzJZgRm.z2urLkpLyl3IuiUquRbJpy', '', 1, '2016-12-20 12:42:28', '2016-12-20 12:42:28'),
(1555, 2, 423, 'karan.s9351@gmail.com', '$2y$10$MPlZjElvo0OnASVbSmhIsuDhNLwFRgmQqVIMrZaNrP2kuDcu3Jtb2', '', 1, '2016-12-20 12:42:41', '2016-12-20 12:42:41'),
(1556, 2, 424, 'souldancestudio2000@gmail.com', '$2y$10$Y10i8QIJd2UClNWOkbnGt.yzq5fhbfw1cm7ZYgz6IpCztz2uILJja', '', 1, '2016-12-20 12:42:52', '2016-12-20 12:42:52'),
(1557, 2, 425, 'manwarbisht23@gmail.com', '$2y$10$6lM.aJJr6LkDI46K5vddy.ylbFDB92J1iFXJZncmwAcVrUQHRxRaa', '', 1, '2016-12-20 12:43:07', '2016-12-20 12:43:07'),
(1558, 2, 426, 'zerogravityfitnesslounge@gmail.com', '$2y$10$9nUtEw.XSe5VKZuYbAmqOuTFKb3VBElfZ1dIu9yNI/vGlkNx4mmLq', '', 1, '2016-12-20 12:43:17', '2016-12-20 12:43:17'),
(1559, 2, 427, 'lokeshsinghchauhan127@gmail.com', '$2y$10$A9/nBEGDWljvzBuqMKK8BehVAItGdFWdY74pm6Z2BR2tshvh4ovLK', '', 1, '2016-12-20 12:43:27', '2016-12-20 12:43:27'),
(1560, 2, 428, 'mukesh987610@gmail.com', '$2y$10$haGwkuQ003YTfvR3PfPOC.zimnuRESQeztIGfk9KiIRwL9EjO7swK', '', 1, '2016-12-20 12:43:37', '2016-12-20 12:43:37'),
(1561, 2, 429, 'themirrordanceacademy@gmail.com', '$2y$10$ZYOelWfoxMTY3ONwKakJyeo0unNpsbbb0Hh797Nx4xmaMEf8Ze0ru', '', 1, '2016-12-20 12:43:45', '2016-12-20 12:43:45'),
(1562, 2, 430, 'anil458@outlook.com', '$2y$10$2/Q.HIxf86DtpnkwRTHPk.fKroiY6judSYZNVcGxe87XQGgHQtxTS', '', 1, '2016-12-20 12:44:22', '2016-12-20 12:44:22'),
(1563, 2, 431, 'as0761248@gmail.com', '$2y$10$gSbZ9aTAtRhl9ToAzRuKNuhCKY5RTmO0uFOCNICcV5VqN6OCduX92', '', 1, '2016-12-20 12:44:46', '2016-12-20 12:44:46'),
(1564, 2, 432, 'chatran.vinay@rediffmail.com', '$2y$10$twsCy4BUqKUbkvjdOIxP..eekaJomRtuu9nimAdV/1gQZtAd9OmUW', '', 1, '2016-12-20 12:45:04', '2016-12-20 12:45:04'),
(1565, 2, 433, 'pawaratul1985@gmail.com', '$2y$10$ykVQzpCbUrGOo2ct4vkgeuN2fnOngNtv6sHpZ3X8m2inTiXv9PSkO', '', 1, '2016-12-20 12:45:14', '2016-12-20 12:45:14'),
(1566, 2, 434, 'Exposuredancestudio@gmail.com', '$2y$10$eKpeitovD4vsO6dZK2V2Q.JzE/98a7zO7Y.Bn3VegqPl.3bCcitjm', '', 1, '2016-12-20 12:45:22', '2016-12-20 12:45:22'),
(1567, 2, 435, 'jatincannady@gmail.com', '$2y$10$fiAsstQCsQpqZ9bHYfeJUOV9jRAjexMWEpNO0ADFYUVOIFqEMpeD6', '', 1, '2016-12-20 12:45:31', '2016-12-20 12:45:31'),
(1568, 2, 436, 'abhilashbhadoriya@gmail.com', '$2y$10$SQMIBzgdTT1/FvB9dK96i.ASVXaEp4uVRJZsdorpp6v70gIPeOeta', '', 1, '2016-12-20 12:45:40', '2016-12-20 12:45:40'),
(1569, 2, 437, 'info@rudraacademy.com', '$2y$10$HXWffdYt6Xmn9QAWlQx/geaDGmEo7zJuzkrn1HBhMie7NpSKrrjxG', '', 1, '2016-12-20 12:45:49', '2016-12-20 12:45:49'),
(1570, 2, 438, 'vikastaneja8880@gmail.com', '$2y$10$Cf3HwpWpvnh0LkyHZ7tu3uDMNgGdJ.ahcPMBeLn0zN9J21E6mFE52', '', 1, '2016-12-20 12:45:59', '2016-12-20 12:45:59'),
(1571, 2, 439, 'thepassiondelhi@gmail.com', '$2y$10$zq5ZEsbXtv/QQcdvV7Vv5Oss.t22qEKryzdugNNtnYx0yMj/y57TS', '', 1, '2016-12-20 12:46:09', '2016-12-20 12:46:09'),
(1572, 2, 440, 'vibratetask@gmail.com', '$2y$10$n.Bfw9WorIqTeSzxr.8uL.0LC4iLOhFhqiIB/LSqCPuJhgCebqMfS', '', 1, '2016-12-20 12:46:18', '2016-12-20 12:46:18'),
(1573, 2, 441, 'herfitness7@gmail.com', '$2y$10$0sGf9ok8zqklBBEtgoOyUuKQLO2xFuBRcwRXn6tAjE7J140sKhmPG', '', 1, '2016-12-20 12:46:27', '2016-12-20 12:46:27'),
(1574, 2, 442, 'rahul.sain89@gmail.com', '$2y$10$08pmjPnm/rhx3qabEPba/e8BOTOJrUkBLyfmg7qMi17VWkMQgTMV.', '', 1, '2016-12-20 12:46:36', '2016-12-20 12:46:36'),
(1575, 2, 443, 'rockveer.2010@gmail.com', '$2y$10$wWg3V2AOPO8jxSavJ/vgCOFVn5WJQspyXxeuzjXJrPazxNM4h/0DG', '', 1, '2016-12-20 12:46:46', '2016-12-20 12:46:46'),
(1576, 2, 444, 'sameerkumar220@yahoo.com', '$2y$10$aYocVZlMIfkjrHVU3v20GOPf5EcAdsfK98WGoIpV2nf0V./hLTRCS', '', 1, '2016-12-20 12:55:48', '2016-12-20 12:55:48'),
(1577, 2, 445, 'geetabeautyparlour@gmail.com', '$2y$10$bZYLiYmuVA2YmntGGVtpPu8VJzgQ5lbEsLUlgMW/LwlFP4ZjDsdmy', '', 1, '2016-12-20 12:56:02', '2016-12-20 12:56:02'),
(1578, 2, 446, 'sapnagoyal970@gmail.com', '$2y$10$qDbWlVdePms8TXXlYKx.je2zKyDAF9DHN7h/tC4hR7cxZbkYUQE0m', '', 1, '2016-12-20 12:56:19', '2016-12-20 12:56:19'),
(1579, 2, 447, 'pixybeautyparlour123@gmail.com', '$2y$10$N7O7wNZFL/3nN7IQ.T0nFuSU6c4v.5NKfaenjdQdYd5rWCbCQK5A2', '', 1, '2016-12-20 12:56:34', '2016-12-20 12:56:34'),
(1580, 2, 448, 'rubidaksh1987@gmail.com', '$2y$10$HELStf39c6OnEJ.A/DnT8.AfatqiN9RDeSD8Q1NOqFp176zBE/DEO', '', 1, '2016-12-20 12:56:44', '2016-12-20 12:56:44'),
(1581, 2, 449, 'Leesalonandspa@gmail.com', '$2y$10$A5xjHpz0Kiqa2AhWZo50sO1XzwOR0yyINPtVLNq3DHQZzCeSBXilK', '', 1, '2016-12-20 12:56:54', '2016-12-20 12:56:54'),
(1582, 2, 450, 'beautycareparlour@gmail.com', '$2y$10$CxOQqSArrdlL2ntt6yCRiOgN4Avk2.BcYgRDFiIEQTuGUmOxhzj46', '', 1, '2016-12-20 12:57:03', '2016-12-20 12:57:03'),
(1583, 2, 451, 'sng.unisex.salon@gmail.com', '$2y$10$e9QpfZpP3jOsd3ouKq77vesU/FVQpB12y9Inf1WOrocpMcxhEDguK', '', 1, '2016-12-20 12:57:13', '2016-12-20 12:57:13'),
(1584, 2, 452, 'glamacademyunisex@gmail.com', '$2y$10$kSWsSj/Oc8qoNoiDcpiW1.m7NFQnY2SmIKXa2Aeqa7HQSt10Rz7JO', '', 1, '2016-12-20 12:57:23', '2016-12-20 12:57:23'),
(1585, 2, 453, 'poonampeautyparlour@gmail.com', '$2y$10$vysOHBwhAKVXftxNYHGO0eNasM8AtOSrDw5cxub8IXA08sHthjB8C', '', 1, '2016-12-20 12:57:32', '2016-12-20 12:57:32'),
(1586, 2, 454, 'devieventmanagement@gmail.com', '$2y$10$3tTMg8AWn/tNwKbAZk3xcO6iDyUbM7C2Xrc5Fl2AuBpW4MnCJqFt6', '', 1, '2016-12-20 12:57:41', '2016-12-20 12:57:41'),
(1587, 2, 455, 'apexunisexparlour@gmail.com', '$2y$10$BoW4P59ehTqmEoccmwsJXeavZFd/NVly2SgXjx5hxZHhqp/imS1MG', '', 1, '2016-12-20 12:57:51', '2016-12-20 12:57:51'),
(1588, 2, 456, 'apurvamakeover15@yahoo.in', '$2y$10$eCInMmGi1YQizp/V9JmLte7Nvi0BybFItegZC5uBEub9hDKjUXRda', '', 1, '2016-12-20 12:57:59', '2016-12-20 12:57:59'),
(1589, 2, 457, 'naturals.karkardooma@gmail.com', '$2y$10$iXMd5chjn.v1zUySHGQIguQJLYfrYNDHKli6UF5RGbmZH2y846qRa', '', 1, '2016-12-20 12:58:08', '2016-12-20 12:58:08'),
(1590, 2, 458, 'r3mantrasaloonandspa@gmail.com', '$2y$10$2n29Gn2..ebZLalymzn5yO9TEkXBvw/x7CHkOAl1pVUqPq7N/G19i', '', 1, '2016-12-20 12:58:18', '2016-12-20 12:58:18'),
(1591, 2, 459, 'totalcare.ramvihar@gmail.com', '$2y$10$ziwuUeUDBh0Wkh7KJ/CSpORlXf113DJ44ZTs4IqsUxGq38ATkopr6', '', 1, '2016-12-20 12:58:27', '2016-12-20 12:58:27'),
(1592, 2, 460, 'lalityadavdelhi@yahoo.com', '$2y$10$/Yg45zNmfUCQudMDV2ie7O9BqGrnsjgOfgiW9kmmqDjdpxC2mRa26', '', 1, '2016-12-20 12:58:45', '2016-12-20 12:58:45'),
(1593, 2, 461, 'dr.yadavphisio@gmail.com', '$2y$10$7ydDgXEo7uqYFiregX7tXuHjQeSqVD5fLvMAOa353U0AsqDne8s4O', '', 1, '2016-12-20 12:58:45', '2016-12-20 12:58:45'),
(1594, 2, 462, 'maheshwarysumit@gmail.com', '$2y$10$AMf6Mj1dd6PPA79CdkCKKOZdwSZ2fZHkwm54LjZ6j08BhqJnznGLK', '', 1, '2016-12-20 12:58:45', '2016-12-20 12:58:45'),
(1595, 2, 463, 'rise.pysiotherapy@gmail.com', '$2y$10$1/6zCaAg0GnV7crkG.P1SOMbSbwoXcQ.Iq2M9Sbm89m3IlluYbILG', '', 1, '2016-12-20 12:58:46', '2016-12-20 12:58:46'),
(1596, 2, 464, 'Dr.nasirphysio@gmail.com', '$2y$10$Hl1R5QZPVzA3s8KTK/EsA.xotLDUt4tq5HrAW9jFMjn5qf7N/qrg.', '', 1, '2016-12-20 12:58:46', '2016-12-20 12:58:46'),
(1597, 2, 465, 'drmanish_pt@yahoo.in', '$2y$10$KbhijU5/Li/fo355p.WeUeGH5XUXQ4F7ZTO4XukUfV4hhbZ7BzMCW', '', 1, '2016-12-20 12:58:46', '2016-12-20 12:58:46'),
(1598, 2, 466, 'drdinesh@activelifept.in', '$2y$10$ivzXQYYlaquJnKPzEjgqs.m3OCrSsSGeSiFBNcTDqjDHNSau59jE.', '', 1, '2016-12-20 12:58:46', '2016-12-20 12:58:46'),
(1599, 2, 467, 'info@oxiya.com', '$2y$10$PaT6ScXexElo33AlFjqSGOk7xDdIEiW8V/oddccz8s8Qtwo7GusK.', '', 1, '2016-12-20 12:58:52', '2016-12-20 12:58:52'),
(1600, 2, 468, 'illume.pe@gmail.com', '$2y$10$qU.5C/EsSQ.8mkgSwvKxTOtVjNc2Ec6TNZxzi3YJxjKflcUc36xRq', '', 1, '2016-12-20 12:59:04', '2016-12-20 12:59:04'),
(1601, 2, 469, 'priyankagoel78@gmail.com', '$2y$10$IuAJkGmdXscdZM.tWI.lGuP5h9OdIp/Bl9uBzZYx5hnJyNU3A1A6C', '', 1, '2016-12-20 12:59:14', '2016-12-20 12:59:14'),
(1602, 2, 470, 'heenasparlour@gmail.com', '$2y$10$3pf3bvHmfdjEY0afeKlHZu/DZF6q0iK2gjlMf6euThlXhILxzMhsa', '', 1, '2016-12-20 12:59:26', '2016-12-20 12:59:26'),
(1603, 2, 471, 'Frahazkhan39@gmail.com', '$2y$10$tNX51GkAq2xp8JaqCKcdROgskQA3/ZCUlHU6rrKypUCzN.sz358ie', '', 1, '2016-12-20 12:59:36', '2016-12-20 13:00:09'),
(1604, 2, 472, 'choprajyoti180@gmail.com', '$2y$10$P91LnZ2A8dSmIjyAC3r25.1Q36drTIa3zUlrV0VP/yU5Qk1jxzDiO', '', 1, '2016-12-20 12:59:45', '2016-12-20 12:59:45'),
(1605, 2, 473, 'hair12scissor@gmail.com', '$2y$10$yZ9qauWfS4Qw4zhk96gqOuvAY/XQwgzbFb0FuP5Hd3rjHxJNqI3PG', '', 1, '2016-12-20 12:59:56', '2016-12-20 12:59:56'),
(1606, 2, 474, 'miss_neha@yahoo.com', '$2y$10$5BW3SsRDE6y0B53gUcvugeQcvlTN6kGXLf117D0Uqssl6DG1XKiw.', '', 1, '2016-12-20 13:00:07', '2016-12-20 13:00:07'),
(1607, 2, 475, 'mdshoaib11@outlook.com', '$2y$10$Tuk74Rjhuv2NoduleJBpZ.XzYhgW98uV/.a11Kv9L9rRda5GDvxHy', '', 1, '2016-12-20 13:00:21', '2016-12-20 13:00:21'),
(1608, 2, 476, 'babitanaranag38@gmail.com', '$2y$10$OBtCkUDOYdn3l.QmawCZg.LEEgk1c15RqgLmL5Q0Z3cA7cDNMmucS', '', 1, '2016-12-20 13:00:32', '2016-12-20 13:00:32'),
(1609, 2, 477, 'nandasushma17@gmail.com', '$2y$10$AMh8bfKl7fIomYNp8iwVneSG84pzXTY/qGDlMHsXbsFkwu1GHpBMe', '', 1, '2016-12-20 13:00:48', '2016-12-20 13:00:48'),
(1610, 2, 478, 'gautipankaj@yahoo.com', '$2y$10$57FLEP0upmU3Z3drRE8sxerdXvHoskYBiuN7/ZzJejJqpwdeSAk7S', '', 1, '2016-12-20 13:00:59', '2016-12-20 13:00:59'),
(1611, 2, 479, 'anand.k83@yahoo.com', '$2y$10$dPK/MKovoEt9u7BVlL04JOjCcTVJthhfmOy36kRh/9MGwvxC0GaNa', '', 1, '2016-12-20 13:01:11', '2016-12-20 13:01:11'),
(1612, 2, 480, 'madhuhasija@rediffmail.com', '$2y$10$kL0rWeUat451fY4.Mt8laO2N/hhzm5Dun.CDr7sNblHvGx0it0CsK', '', 1, '2016-12-20 13:01:23', '2016-12-20 13:01:23'),
(1613, 2, 481, 'rajanarsani@yahoo.in', '$2y$10$7KP9Hr87eu6Xxye1XWMhb.GaYRaPTR98bbGihRNoVX5VkepJJIx1K', '', 1, '2016-12-20 13:18:49', '2016-12-20 13:18:49'),
(1614, 2, 482, 'fittohome84@gmail.com', '$2y$10$28t.N4R30wb7tWYtVaYGe.H73w22OM7M/1htyMzBZ1I.GUgQfOxrS', '', 1, '2016-12-20 13:18:49', '2016-12-20 13:18:49'),
(1615, 2, 483, 'greatgym.1@gmail.com', '$2y$10$J9gK06WPh1kYCTgqu/K1m.qjHfYE1NMsfvF0TrQAdDux3DNxts5Sa', '', 1, '2016-12-20 14:32:12', '2016-12-20 14:32:12'),
(1616, 2, 484, 'pantr993@gmail.com', '$2y$10$rdoXdwt2oP0ZLIxfOO7e2OAYRvBx2bdLWzM5FlV3qGBIDAp5Afypi', '', 1, '2016-12-20 14:32:12', '2016-12-20 14:32:12'),
(1617, 2, 485, 'atul555658@gmail.com', '$2y$10$XBYQ/X9qPhzgQhq01Z17Aug0sTscRNgn9QKfp0pWniMawezavDB86', '', 1, '2016-12-20 14:32:12', '2016-12-20 14:32:12'),
(1618, 2, 486, 'flabthugs@gmail.com', '$2y$10$PR9G90ysbb.J5mjBni.2UuJqnS.wgTTbnkpHMEpP0giEcvQdO2CGu', '', 1, '2016-12-20 14:32:12', '2016-12-20 14:32:12'),
(1619, 2, 487, 'ashoktrainer@gmail.com', '$2y$10$u5.UzkuwGqUbeirsbBko7OmY5JjJk0tI0pKBopwtoomN3H4qmMphS', '', 1, '2016-12-20 14:47:45', '2016-12-20 14:47:45'),
(1620, 2, 488, 'harishchoudhry123@gmail.com', '$2y$10$xR6DvN4aFAThecHIbBGBoOFB3I/OojF.u1SnBffQz0Vd3U8VVo2NW', '', 1, '2016-12-20 14:47:45', '2016-12-20 14:47:45'),
(1621, 2, 489, 'nenafitnessexpress@gmail.com', '$2y$10$rTj2Xt4ReHe789QZw1n2BOLzf3OvSxC671j.TBuC/ViHuTaWv5zwO', '', 1, '2016-12-20 14:47:45', '2016-12-20 14:47:45'),
(1622, 2, 490, 'lokesh3605@gmail.com', '$2y$10$.xSjTem/tiocppCIioxq0OTJ/FyRiAqDWJPslwcwbCTIroF5oHipC', '', 1, '2016-12-20 14:47:45', '2016-12-20 14:47:45'),
(1623, 2, 491, 'thegymgeetacolony@gmail.com', '$2y$10$knmA1fubbsW68szzcVNSa.ruknKln6Uym1TT2IVOBgzGJHAw.tFta', '', 1, '2016-12-20 14:47:45', '2016-12-20 14:47:45'),
(1624, 2, 492, 'vikasgola@bodyplanet.in', '$2y$10$UID/6FO21XYIlrsX/asiE.tQ1o5URB39mhdT.kYJU4/76i9YXSWei', '', 1, '2016-12-20 15:03:37', '2016-12-20 15:03:37'),
(1625, 2, 493, 'jainkpi24@gmail.com', '$2y$10$6939xMleUosmyriAAp//Bu8bSHx.w8kT0pHX1y6nv47dGlOM0Ou4G', '', 1, '2016-12-20 15:03:37', '2016-12-20 15:03:37'),
(1626, 2, 494, 'gyanchand007@gmail.com', '$2y$10$CaBTsu/QvlrgDv5hbMOOQO/HCJO8Btfqq3E3mVzZRk1kgQ4MR.6WG', '', 1, '2016-12-20 15:03:37', '2016-12-20 15:03:37'),
(1627, 2, 495, 'yash1976delhi@gmail.com', '$2y$10$nYZH4rpZe6O7c54KgWZne.dEeA8O/8.m0akStGbzDqjwrpcSdr0eO', '', 1, '2016-12-20 15:03:37', '2016-12-20 15:03:37'),
(1628, 2, 496, 'rohanmorgan130@gmail.com', '$2y$10$tfIsqCIfdjGA12Z1y2BKYOuvCG9paK0rCvdUei5EDTxZgcePiWakq', '', 1, '2016-12-20 15:03:37', '2016-12-20 15:03:37'),
(1629, 2, 497, 'sonukumaromaansh@gmail.com', '$2y$10$qdCJufdfQk03.qLbrngal.QodO8ngQxUsKt.bqCrbZMssNB6aJOnO', '', 1, '2016-12-20 15:08:30', '2016-12-20 15:08:30'),
(1630, 2, 498, 'khemendrachoudhary@gmail.com', '$2y$10$vPbRxb2Rg6cWacqE.CCe2.hRJFu628vYSd9H/cG75rCATqJaySrdu', '', 1, '2016-12-20 15:08:30', '2016-12-20 15:08:30'),
(1631, 2, 499, 'ak2222471@gmail.com', '$2y$10$17./.yWUvL3PmJQK2k/gbeb0W0uGFD1SQ8AGmAXGZtGTn5nQz70uW', '', 1, '2016-12-20 15:18:09', '2016-12-20 15:18:09'),
(1632, 2, 500, 'deepakrajput2256@gmail.com', '$2y$10$wO8yItTOysbtstRPmTt51umgQNBpFERp3qUXI4xuIn4udJnkFPuwC', '', 1, '2016-12-20 15:18:09', '2016-12-20 15:18:09'),
(1633, 2, 501, 'gautamkumarmishra.delhi@gmail.com', '$2y$10$lrTXt8RCkfNfw5toUSc2LelxIm.HV01R4pL4vQrpEvVaYYaBM19fe', '', 1, '2016-12-20 15:18:09', '2016-12-20 15:18:09'),
(1634, 2, 502, 'citygoldgym@gmail.com', '$2y$10$XA8fMAN0nBypdCzsPZEfEOSIoLaiU6ltkknpS1EZMptqKu1ydJ6zy', '', 1, '2016-12-20 15:24:08', '2016-12-20 15:24:08'),
(1635, 2, 503, 'sumitkhari13@gmail.com', '$2y$10$oue/Xm9Qp771AjoFjHaVxOaQf46Z/9COxZvuZPS84JFxDCit.x7ua', '', 1, '2016-12-20 15:24:08', '2016-12-20 15:24:08'),
(1636, 2, 504, 'rawat.mukesh1388@gmail.com', '$2y$10$t.K6R9joRVg0dgWQUBGQCulBNbxj2qw3LS/SLiDdKVp0xdbbp30Ou', '', 1, '2016-12-20 15:24:08', '2016-12-20 15:24:08'),
(1637, 2, 505, 'hardwork2881@gmail.com', '$2y$10$pjUbzyV6B6kw9.u6WrtdKeyaDUSmWUs8h45caytchVsMYq.OQeRve', '', 1, '2016-12-20 15:24:08', '2016-12-20 15:24:08'),
(1638, 2, 506, 'vikramohlan45@gmail.com', '$2y$10$oWn5vntR7SemJTUDIZuOLuEEV0En4Gd0j3oCMs0TDi9GQOnij30NK', '', 1, '2016-12-20 15:34:19', '2016-12-20 15:34:19'),
(1639, 2, 507, 'vanshajkumarvasu@gmail.com', '$2y$10$paHmcWI.e4JfyGPOzdzw9uETwHV//fem31GmQhW5QxHCWvlUuHI9q', '', 1, '2016-12-20 15:34:19', '2016-12-20 15:34:19'),
(1640, 2, 508, 'sarveshdubey1102@gmail.com', '$2y$10$IC5ZR.idvHfiD0yV.Lblc.jWRThBi60..77A9imZn9TMPHJODBfz2', '', 1, '2016-12-20 15:34:19', '2016-12-20 15:34:19'),
(1641, 2, 509, 'gahlotaakash@gmail.com', '$2y$10$O2wIpSMY19rli0sde55I4OLnQCN3dGCT.bgWSAah/lAfLDJicLlw.', '', 1, '2016-12-20 15:54:14', '2016-12-20 15:54:14'),
(1642, 2, 510, 'siddhant.kannojia@gmail.com', '$2y$10$Nw/UGLzEscZYHz5WYu93Vu4MdD.NBKF/TCy31XfKMhMDcqv04qN8K', '', 1, '2016-12-20 15:54:14', '2016-12-20 15:54:14'),
(1643, 2, 511, 'manish_sha@yahoo.com', '$2y$10$MnviLxJWiX083jXuEva1z.iB2I.pwmBKKRvJdPaK59AYAf7MCSwuK', '', 1, '2016-12-20 15:54:14', '2016-12-20 15:54:14'),
(1644, 2, 512, 'guptashekhar17@gmail.com', '$2y$10$aHV0/Yr.m9xgiPNxa3UZseqLlQwrwXkWFeg8QgFtjIVjJsNNdfYFK', '', 1, '2016-12-20 15:54:14', '2016-12-20 15:54:14'),
(1645, 2, 513, 'honeysingh11@gmail.com', '$2y$10$RhJO0HqWgBNOV4WeZ1sGtebrXQbw9sAMKJay9mylhYCF6/6SOzc66', '', 1, '2016-12-20 15:54:14', '2016-12-20 15:54:14'),
(1646, 2, 514, 'ravisundli93@gmail.com', '$2y$10$zCKoQbh1J2.VJI3nczy41e0LV0bgtFRFIuMEw4mb0YCvvuPX.HX.m', '', 1, '2016-12-20 15:54:14', '2016-12-20 15:54:14'),
(1647, 2, 515, 'rajendragusain@gmail.com', '$2y$10$tlKOjcwrX9Xpcac4hS4tsue3xAR9yBLnBtxXP50634z7NEXycfHkK', '', 1, '2016-12-20 15:54:14', '2016-12-20 15:54:14'),
(1648, 2, 516, 'salmanmr902@gmail.com', '$2y$10$.kaP4v4FQDcDfv2xgmOeDOpthMTHXzIhFLxZQzhwQDhUZmWHYnzXS', '', 1, '2016-12-20 16:35:00', '2016-12-20 16:35:00'),
(1649, 2, 517, 'payalbutta@outlook.com', '$2y$10$WRBaXY3Rsq2TSSDTacLADOJZLRKdthalFK.ljdS88yfocUAhhhPue', '', 1, '2016-12-20 16:35:00', '2016-12-20 16:35:00'),
(1650, 2, 518, 'ravishingstudio@gmail.com', '$2y$10$yUuULaT5zkTnDmqQ6tHvCu1s01WBn11hpCt19ujbRcsBigmM2g0Fm', '', 1, '2016-12-20 16:35:00', '2016-12-21 12:22:44'),
(1651, 2, 519, 'pooja.aurora09@gmail.com', '$2y$10$.J2mCl4E/DZiGkbqukF4.O8PVo8sdzPDVUm2wREWs35G56tqqIeUy', '', 1, '2016-12-20 16:35:19', '2016-12-21 12:17:37'),
(1652, 2, 520, 'vipinkapoor458@mail.com', '$2y$10$zRA25PmksWluPUIGN66.feAsCUsPGwRRUxeYHA8z6HRYG7I/B7yru', '', 1, '2016-12-20 16:35:19', '2016-12-20 16:35:19'),
(1653, 2, 521, 'soniakumari458@outlook.com', '$2y$10$wlNWBqNGoQLyjbhQC266Bedv7GnPQVIDYc/1viRAwiy2ykPqXXXPm', '', 1, '2016-12-20 16:35:19', '2016-12-20 16:35:19'),
(1654, 2, 522, 'hemakumari458@yahoo.com', '$2y$10$LXMytWa/zI6A/2GA2U4zPuInqiIsG/6tF1rI7eHjMula4dZf1/Hxu', '', 1, '2016-12-20 16:35:38', '2016-12-20 16:35:38'),
(1655, 2, 523, 'feelcutesalon@outlook.com', '$2y$10$Hou/MUoy11gTATSTu.EvwOHuCJhraGBGvRcfZ/.7i5loh2Q/mtr3i', '', 1, '2016-12-20 16:35:38', '2016-12-20 16:35:38'),
(1656, 2, 524, 'Vaishali480@gmail.com', '$2y$10$t5mHbErk3m/XjJOu7bSboeMOvGH88M73uy5gWbQcMr0eCNyzkDzki', '', 1, '2016-12-20 16:35:38', '2016-12-20 16:35:38'),
(1657, 2, 525, 'sharonritagomes@gmail.com', '$2y$10$RFZs8rgS66MN1u2AM2N8/eh76RoMLQTDSa6r3ryxtyT3RO.4zVU42', '', 1, '2016-12-20 16:35:59', '2016-12-20 16:35:59'),
(1658, 2, 526, 'mazidkhan005@gmail.com', '$2y$10$KPhmK39gnf7z5Mllg8XBp.1MEbePvN/KNDLgr.qXghLhPKyeRQSzO', '', 1, '2016-12-20 16:35:59', '2016-12-20 16:35:59'),
(1659, 2, 527, 'sumandhalla@gmail.com', '$2y$10$edVNCi02nZXB8CtoE3TekOM8H1OkUsHDRSSa9Y3Bc1I.44puL/Upi', '', 1, '2016-12-20 16:36:00', '2016-12-20 16:36:00'),
(1660, 2, 528, 'pujafuturi15@gmail.com', '$2y$10$NkY2evGdAt5GESdZM6UPWOFom0774L5WOj.hk8beZMBAIQcI274n2', '', 1, '2016-12-20 16:36:22', '2016-12-20 16:36:22'),
(1661, 2, 529, 'pkumar2086@gmail.com', '$2y$10$5g/jsRjrkAOct902kh3dquTJqbGmT/YRQcQHSEe0ltWPj9HA.B9A2', '', 1, '2016-12-20 16:36:22', '2016-12-20 16:36:22'),
(1662, 2, 530, 'wisdombeautylounge@gmail.com', '$2y$10$PXaGkIOAGK7vy9awLIMSquQpZFEVozXZsiWB8v9msPbY6lQMLwCHa', '', 1, '2016-12-20 16:36:22', '2016-12-20 16:36:22'),
(1663, 2, 531, 'theglamstreet@gmail.com', '$2y$10$w0bgMz3xLb77.cWe5T1dC.QcnaY8UIjaveiI8u.udIoAIczGwO.Pa', '', 1, '2016-12-20 16:36:22', '2016-12-20 16:36:22'),
(1664, 2, 532, 'laxmimrignayani@yahoo.com', '$2y$10$1dK5oNtqzh0VB62you4sd.DjW4GrqO2biDlCqfnwDV5n5/wlUnmFC', '', 1, '2016-12-20 16:36:22', '2016-12-20 16:36:22'),
(1665, 2, 533, 'strandspunjabibagh@gmail.com', '$2y$10$Q0z/zLlmmS2Y6B62UFtW3uKra8.DrmwKNC0w3tKEyc2T10G2QNRnK', '', 1, '2016-12-20 16:37:20', '2016-12-20 16:37:20'),
(1666, 2, 534, 'monash.salon@gmail.com', '$2y$10$09dFVI4ys/LfO7tZvWS5meHjHCZ9FLIwdSYj.0dGBk5cVXSVkcDlu', '', 1, '2016-12-20 16:37:20', '2016-12-20 16:37:20'),
(1667, 2, 535, 'neonsalon5577@gmail.com', '$2y$10$2N2ds.L26m8YC5X409nfaeOCMYAlBQDlmbD0/1L..nfrwpmkYuq5y', '', 1, '2016-12-20 16:37:20', '2016-12-20 16:37:20'),
(1668, 2, 536, 'Hairncare44@gmail.com', '$2y$10$z/UkXWnKmXqjK6OXjbfeY.1I/4eFA6va1kTZ9UUyszW.wIwYejs/O', '', 1, '2016-12-20 16:37:20', '2016-12-20 16:37:20'),
(1669, 2, 537, 'studiostrands@gmail.com', '$2y$10$qAfatj1VzNOHhbTH229Pw.titCYlSNG.tsOUqvdB7KbZ8tRqMyqK6', '', 1, '2016-12-20 16:37:20', '2016-12-20 16:37:20'),
(1670, 2, 538, 'naturals.dwarka@gmail.com', '$2y$10$8nXHbRKkcTuKDNk.7rIGyuDi7qogNrOvrktOoWxRM0/.6FVNBI0X6', '', 1, '2016-12-20 16:37:20', '2016-12-20 16:37:20'),
(1671, 2, 539, 'Nehaa_ach@hotmail.com', '$2y$10$pt4PBxK/dQ.BeyWcWwAST.QqoAVmwfj/sOSDZdYIFHtnIJk6gwdcG', '', 1, '2016-12-20 16:43:09', '2016-12-20 16:43:09'),
(1672, 2, 540, 'Alfiak66@gmail.com', '$2y$10$6Hmvo6pLt5vhieS4KguWRO9E98mPzP2BcGVXQ30V1fqV1Vvj9fTq.', '', 1, '2016-12-20 16:43:09', '2016-12-20 16:43:09'),
(1673, 2, 541, 'aman.yadav07@yahoo.in', '$2y$10$J9D8vUGmBGbke9yGaGoWB.mRmnrjhpcHTrHFR52GJkig/mjdsU6ou', '', 1, '2016-12-20 16:43:09', '2016-12-20 16:43:09'),
(1674, 2, 542, 'gravity123@gmail.com', '$2y$10$9Uz1L0RJYndcCuVGJmA2gekjRw7HnDIwmSL40tAM61EzXdDyqkJra', '', 1, '2016-12-20 16:43:30', '2016-12-20 16:43:30'),
(1675, 2, 543, 'Lashesbeauty@gmail.com', '$2y$10$1LAftjf7b/a/UMJWZewX0O20Dk8ZSHYB7.9lKH0zUluR0WucchZ5S', '', 1, '2016-12-20 16:43:30', '2016-12-20 16:43:30'),
(1676, 2, 544, 'ritubudhiraja78@gmail.com', '$2y$10$GKQ7qtC64bIP2z7VjFE4Sef9AE65lcNRj4MMeq0YZ8RFTS0MivCFe', '', 1, '2016-12-20 16:43:30', '2016-12-20 16:43:30'),
(1677, 2, 545, 'gnrmakeovers@gmail.com', '$2y$10$IKMe4oqDpry1JB50maKCBOLNNU3WaC/5sT4P.dTnf8pzNcjUQiHqK', '', 1, '2016-12-20 16:43:48', '2016-12-20 16:43:48'),
(1678, 2, 546, 'engaging7@gmail.com', '$2y$10$i2v/c/RiSX1QrCPZL5K/VO3mENNbJOdnQS0AkVSlQOCaoydKCjbDm', '', 1, '2016-12-20 16:43:48', '2016-12-20 16:43:48'),
(1679, 2, 547, 'vijaykoli69@gmail.com', '$2y$10$EtFG/p.BJUZfMtNWWrSjAe/pmFOZvhnD..nKlskMYNDbS4HbEW4Lq', '', 1, '2016-12-20 16:43:48', '2016-12-20 16:43:48'),
(1680, 2, 548, 'Newfriendsunisexsalon@gmail.com', '$2y$10$o/vWJTMQ4m5.SvLrjc1MEO7nST7HGdirRUUVn.OIsX1saMMwHORcK', '', 1, '2016-12-20 16:44:17', '2016-12-20 16:44:17'),
(1681, 2, 549, 'kataria.roopali@gmail.com', '$2y$10$JHYCE6KHxxepKeYEPFHc2OYHyf..hwGL4ZHMPREs0N.3jwvyYDGYO', '', 1, '2016-12-20 16:44:17', '2016-12-20 16:44:17'),
(1682, 2, 550, 'naturebeautyclinic@gmail.com', '$2y$10$FQ6rXZ/Bn4vYt1Y8SPVr8.sIuq26oRBwHexkSrsC3wJEeU4WUto16', '', 1, '2016-12-20 16:44:17', '2016-12-20 16:44:17'),
(1683, 2, 551, 'galaxyunisexsalon06@gmail.com', '$2y$10$XujrMHiaKD8qUVZfNPmWfetUp1Lw8GbO220zO7WCB8BfU9G/qgVl.', '', 1, '2016-12-20 16:44:18', '2016-12-20 16:44:18'),
(1684, 2, 552, 'muskaan.vig@anika.in', '$2y$10$xAZM.3IVqWxBfeKd8f9ZtO3owRk/Rs7PPgmHuvkM8hRKIjhXpI5CK', '', 1, '2016-12-20 17:07:57', '2016-12-20 17:12:52'),
(1685, 2, 553, 'style.mantra@outlook.com', '$2y$10$tf4JqXoTaY8MDXUIYuF3zeemgkjar9b6rQ2CMk.ghufTqLEv9sckK', '', 1, '2016-12-20 17:24:06', '2016-12-20 17:24:06'),
(1686, 2, 554, 'luthrag3005@gmail.com', '$2y$10$NWTnYewl/xfvMYHXHKiCsu1jc2Hs6TcbdujuQFIj3gJ6viRyeC9.a', '', 1, '2016-12-20 17:24:06', '2016-12-20 17:24:06'),
(1687, 2, 555, 'mehaksood1387@gmail.com', '$2y$10$E1JSUdhqcnPs/gvZj4B8l.RdNOI8qwBQQ5GLAHqNlty/N6hqMt0aW', '', 1, '2016-12-20 17:24:07', '2016-12-20 17:24:07'),
(1688, 2, 556, 'sanjaypal1414@gmail.com', '$2y$10$mc.mmzEpQQ64WqVLlrkgDujpFrkWmssHBm5Npk/E3gVrsSPOb/ko.', '', 1, '2016-12-20 17:24:28', '2016-12-20 17:24:28'),
(1689, 2, 557, 'essensuals.janakpuri@gmail.com', '$2y$10$LpU74I8VDepRyaXHTrBB.ONif5N0menqYzO46Bji9hVo2Xc9EnQdq', '', 1, '2016-12-20 17:33:04', '2016-12-20 17:33:04'),
(1690, 2, 558, 'zoenails.kaur@gmail.com', '$2y$10$Fh779HzYwAJxa.NyeufuIeb4xBR/5A.Ki.TrLFdauCAdpZXvTAY9S', '', 1, '2016-12-20 17:33:04', '2016-12-20 17:33:04'),
(1691, 2, 559, 'khannagovinda@gmail.com', '$2y$10$WxMlOArGlHCBdIPiKIM38.BXcUC5WZxwLZ4YG5SM3bwImWzAHVInq', '', 1, '2016-12-20 17:33:04', '2016-12-20 17:33:04'),
(1692, 2, 560, 'aroramonika.81@gmail.com', '$2y$10$7XWVezbaaMQJpFhmAYvlw.OJ.TJlWSj1tZn2xsnzeL6Y7YUIuPxrq', '', 1, '2016-12-20 17:33:04', '2016-12-20 17:33:04'),
(1693, 2, 561, 'siddharthbeautyparlour@gmail.com', '$2y$10$09cm5k3F98pObfu5vo46DepgJff.kegiCD28R.RhyodhFluiGj8Ni', '', 1, '2016-12-20 17:33:04', '2016-12-20 17:33:04'),
(1694, 2, 562, 'kapel_1123@yahoo.com', '$2y$10$CTOv91VNHxTgVEAhLJ5pMe07KM9HPRudange9NsHNCdShMZ1DYyGq', '', 1, '2016-12-20 17:34:00', '2016-12-20 17:34:00'),
(1695, 2, 563, 'wadhwapooja1484@gmail.com', '$2y$10$abyJGXcbpqdpt3tSz893Z.6ssDhNymoobvwDfbcTZIJRfQ07wTwoG', '', 1, '2016-12-20 17:34:00', '2016-12-20 17:34:00'),
(1696, 2, 564, 'cre8tilaknagar@gmail.com', '$2y$10$IWhth0puc8CsQ.98BtC7TOJOmr2XUXHzIOS8VBfEOr6IsWGacM1w2', '', 1, '2016-12-20 17:34:00', '2016-12-21 12:19:07'),
(1697, 2, 565, 'valentineunisexsalon@gmail.com', '$2y$10$m3OYYv1F1LsiddxqLoTKguGXJI2kSC0sdGoQrGlW0cgbmTL2qJKV6', '', 1, '2016-12-20 17:34:00', '2016-12-20 17:34:00'),
(1698, 2, 566, 'ravi123kumar4599@gmail.com', '$2y$10$0GEXgyRrZl/sjLsPk20zWOeqTFi8FTAj3l66PifjPT5KzEi0NR0gu', '', 1, '2016-12-20 17:34:00', '2016-12-20 17:34:00'),
(1699, 2, 567, 'fusionbeauty@gmail.com', '$2y$10$FjsIzt35G94pF7hoRzGmNuItqOPmtchpsZ9twd2Wel5FlWVdxM6QC', '', 1, '2016-12-20 17:34:42', '2016-12-20 17:34:42'),
(1700, 2, 568, 'varshasalon2003@gmail.com', '$2y$10$ZMPavGiv6R2Gp8bmwtgxx.oZLQ7iVWYbNY6k.ql75F5UUckU0Ji1u', '', 1, '2016-12-20 17:34:42', '2016-12-20 17:34:42'),
(1701, 2, 569, 'trendzsaloon.jkb@gmail.com', '$2y$10$Gf7RxWWyeTRAMsXgkUs6tOfhpuwkrHTAsSJq.w3g7E31KmG3EJtd6', '', 1, '2016-12-20 17:34:42', '2016-12-20 17:34:42'),
(1703, 2, 571, 'trackersalon@gmail.com', '$2y$10$fHeTmDtKvKy7dD8ODVnecOPUwbiyLB4SpE/ihNj9c54s5Fa.JdQEW', '', 1, '2016-12-21 11:15:04', '2016-12-21 11:15:04'),
(1704, 2, 572, 'arifkhan569@outlook.com', '$2y$10$NjZCq6kOx5xyHSWQiDP4qOSxwfhpZ.CiXoj8evn3JjoHpQQzkPErO', '', 1, '2016-12-21 11:15:04', '2016-12-21 11:15:04'),
(1705, 2, 573, 'manish.life.booster@gmail.com', '$2y$10$SvjtaUNEexKtRLZVmYlvjekZLz8WokSx/pjtw5sZCtnoTXg6oNn0.', '', 1, '2016-12-21 11:15:04', '2016-12-21 11:15:04'),
(1706, 2, 574, 'wasim_akram23@outlook.com', '$2y$10$sWG0/U3zRwkMVf4e79s7tOv17vMm.9rSe7mhGjPeDF/7XMltGg8GO', '', 1, '2016-12-21 11:15:04', '2016-12-21 11:15:04'),
(1707, 2, 575, 'shakeelsmartvoice@outlook.com', '$2y$10$z57crxLJmiIrB3LkhVUhX.1GVPeetpgA2ARoBC8io08lSm..xMJNe', '', 1, '2016-12-21 11:15:04', '2016-12-21 11:15:04'),
(1708, 2, 576, 'naeem.khan29@outlook.com', '$2y$10$e4aelQO0U750s.xZrEykb.d6FTjBIfX7Al.q8lfJGenpnKXp5ftda', '', 1, '2016-12-21 11:16:12', '2016-12-21 11:16:12'),
(1709, 2, 577, 'jamsed.ahmad29@outlook.com', '$2y$10$MlnyiVQq2cRLS5TCIwRMM.GI7ZcC0ypZxG3rN6TQjD5kGV6ZNCIsO', '', 1, '2016-12-21 11:16:12', '2016-12-21 11:16:12'),
(1710, 2, 578, 'bhanusharma29@outlook.com', '$2y$10$1SwqNCQd4JXK1cvJNOkeD.t6SIzFqkwv8WdnYuBs2NHP5NvVzkbT.', '', 1, '2016-12-21 11:16:12', '2016-12-21 11:16:12'),
(1711, 2, 579, 'suddamraza2900@outlook.com', '$2y$10$ldGTEV8HYcYRrcwiSbnChuemwdYACG3npHTCqzvJhbNkcYUf.66R2', '', 1, '2016-12-21 11:16:12', '2016-12-21 11:16:12'),
(1712, 2, 580, 'ali2900hasan@gmail.com', '$2y$10$F73BgUl.caeLjlnXjR1.H.gbQLFc9PZRxLh25R0gQudo81dKY.Vqu', '', 1, '2016-12-21 11:16:12', '2016-12-21 11:16:12'),
(1713, 2, 581, 'sakibsalmani@rediffmail.com', '$2y$10$NfrBLHhT9tfDA8xQK/QqFu4p0hCGkPpliCuHSJ/mMn3fCNQMdvDo.', '', 1, '2016-12-21 11:16:45', '2016-12-21 11:16:45'),
(1714, 2, 582, 'zahiodmansood@rediffmail.com', '$2y$10$k/uAwA7XNB4U8MnzdjSWme3e71G7xdgBDYEoegSUiuJcMVhNO0dy2', '', 1, '2016-12-21 11:16:45', '2016-12-21 11:16:45'),
(1715, 2, 583, 'raheesmd@yahoo.com', '$2y$10$BIQl46lYPY4LuX7wZ3AeruNDBizZmipKsv/2LXARi32KsZHjebtA.', '', 1, '2016-12-21 11:16:45', '2016-12-21 11:16:45'),
(1716, 2, 584, 'mdrakhibali@gmail.com', '$2y$10$JOXgdCTJKzrT2dhzA8A4fefRL/fkh/Ql/W9uXPpCVYl1A4xctlLYO', '', 1, '2016-12-21 11:16:45', '2016-12-21 11:16:45'),
(1717, 2, 585, 'rafakat458@yahoo.com', '$2y$10$QMT8NlhBbtnsw3GWjGiF4uLWPw.byfuruw1HtCg5jhv54w0xzwwXS', '', 1, '2016-12-21 11:16:45', '2016-12-21 11:16:45'),
(1718, 2, 586, 'piyushnagpal458@yahoo.com', '$2y$10$YBW8b0VEbSJruZQV/MgzGuryiJ/Nl7UUXMz/XaXhVPtyFgvICNXhO', '', 1, '2016-12-21 11:17:06', '2016-12-21 11:17:06'),
(1719, 2, 587, 'zuberali395@gmail.com', '$2y$10$BRGE.UT66eMIe/ME2rmjbeAwBP9xL8lkYYQPa0buERRb840tbFO0y', '', 1, '2016-12-21 11:17:06', '2016-12-21 11:17:06'),
(1720, 2, 588, 'vk258485@gmail.com', '$2y$10$xU6tOqvh5hORGTkcLwukgOZ2znjgC/GTD5KqYawt16T3FOke.uhGe', '', 1, '2016-12-21 11:17:06', '2016-12-21 11:17:06'),
(1721, 2, 589, 'karamjeet458@yahoo.com', '$2y$10$kmTH40.Xi.hCUUbb7fa8mOZfdFEi8pljgZfRMdZNQykA5X8S6KoJG', '', 1, '2016-12-21 11:17:06', '2016-12-21 11:17:06'),
(1722, 2, 590, 'ateekAhmed458@outlook.com', '$2y$10$O27Au68jleonX0GRMXtX3OEAeSjoxgTu1GvquZrb2gHXMIfqfUrcq', '', 1, '2016-12-21 11:17:06', '2016-12-21 11:17:06'),
(1723, 2, 591, 'shahnawaz477@outlook.com', '$2y$10$kiE5Nshzx5ORfwC2qdrpd.l6QULVQXU9twTmWtLISaJEErb5TAnT2', '', 1, '2016-12-21 11:17:30', '2016-12-21 11:17:30'),
(1724, 2, 592, 'mdajeem458@outlookc.com', '$2y$10$lIh6exU9O.hl3wZT2b4cseKE36/whLNCXXmf0FHVtFQynAORyuD9O', '', 1, '2016-12-21 11:17:30', '2016-12-21 11:17:30'),
(1725, 2, 593, 'shahzadali458@outlook.com', '$2y$10$K7n8vDZ8Y72UB6I..ikGxeurWTIroYUcmpzOiqdS6WOimP9rsQyIW', '', 1, '2016-12-21 11:17:30', '2016-12-21 11:17:30'),
(1726, 2, 594, 'mdkr.hanif@outlook.com', '$2y$10$P9QGRabwYcBQ0B6gIeUHh.msp/WHc7/FVUOqKttxbI9hst0JyXHtC', '', 1, '2016-12-21 11:17:30', '2016-12-21 11:17:30'),
(1727, 2, 595, 'geetanjali.gupta29@outlook.com', '$2y$10$tA3HgyHPfFA.8KO26ACxIuyggiFi8KPwcEqpQSjtYRIeGbfHFgZGy', '', 1, '2016-12-21 11:17:30', '2016-12-21 11:17:30'),
(1728, 2, 596, 'gaurav2900@outlook.com', '$2y$10$c6CpV7xCysJFajhoZaIwv.rfbPnSq4v8Lo5NhAAFvHaSxFlioOR.u', '', 1, '2016-12-21 11:17:30', '2016-12-21 14:53:04'),
(1729, 2, 597, 'sonukr.thakur@outlook.com', '$2y$10$2jhFrQsTt781lNYXJflyi.vbKq.A04I9RRwpVhy8zZOUN4EaVTP0y', '', 1, '2016-12-21 11:17:30', '2016-12-21 14:52:23'),
(1730, 2, 598, 'muskan_parlour@outlook.com', '$2y$10$LJYfDjgLqhc93m.V1sIgUuet5l8a4cVzsKu55LczkHFJm4c/ELiTG', '', 1, '2016-12-21 11:17:30', '2016-12-21 14:50:53'),
(1731, 2, 599, 'goodluckhairsaloon@gmail.com', '$2y$10$mNU1b189MkZoLtw4Q5UmeeCGclLmRmWnwWDp.1AeNMv7Xf53L8fDa', '', 1, '2016-12-21 11:18:17', '2016-12-21 14:21:28'),
(1732, 2, 600, 'hukamzee.saloon@gmail.com', '$2y$10$9TOFwN57no99B8QswW3hZuQ8025YHmM8U2rwmycqtvBXGU3tcS1Hm', '', 1, '2016-12-21 11:18:17', '2016-12-21 14:25:35'),
(1733, 2, 601, 'scissorsplazamensaloon@gmail.com', '$2y$10$JLjhn3Ka8P/fLKSlnaZ49.DIkXloOoXe0GDSSHln6pASTuBjDkzsS', '', 1, '2016-12-21 11:18:17', '2016-12-21 14:25:04'),
(1734, 2, 602, 'azadhairdresser@gmail.com', '$2y$10$xpHabxcsEj7kJPDxEdKlNO6xIzkPfjKsdpPq.IwqWgcy0jQnGZp4G', '', 1, '2016-12-21 11:18:17', '2016-12-21 14:16:44'),
(1735, 2, 603, 'lookshaircuttingsaloon@gmail.com', '$2y$10$iKpuEWVplx0.tIlKG0p8uefgZqCjOwB4VjkR8vZMkZV9gWaHHf9WK', '', 1, '2016-12-21 11:18:18', '2016-12-21 14:22:02'),
(1736, 2, 604, 'bombayhaircuttingsaloon@gmail.com', '$2y$10$JQSsI9GCkRWV3e3oea3MrOT2bRt804c.53YC5LayVu3dMzOht0Tv6', '', 1, '2016-12-21 11:18:51', '2016-12-21 14:20:28'),
(1737, 2, 605, 'newrexsaloon@gmail.com', '$2y$10$EDiADs9cqaa4NZRwjN21PubOkk.XBFaePPq/zPtExFfxa2tfslwYy', '', 1, '2016-12-21 11:18:51', '2016-12-21 13:27:33'),
(1738, 2, 606, 'U.likesaloon@gmail.com', '$2y$10$d42d5i40XKLcRpaCHH63nOeGpxVzt6Qs6C.MLUAXZpx759ejydbK.', '', 1, '2016-12-21 11:18:51', '2016-12-21 13:26:46'),
(1739, 2, 607, 'jeewan131394@gmail.com', '$2y$10$1gHXC.tKxsRpz7Z5kvYy6uJUQDYJZ5iT3FMwOeJyTmKwLtDqXAB22', '', 1, '2016-12-21 11:18:51', '2016-12-21 13:21:25'),
(1740, 2, 608, 'mohd.aalam.923@gmail.com', '$2y$10$6MdQoNSyHO3XAh1zQQiowOUICr7aZma.VDGdJCnw/azKaafTBAVt6', '', 1, '2016-12-21 11:18:51', '2016-12-21 13:20:59'),
(1741, 2, 609, 'newperidotsalon@gmail.com', '$2y$10$0zOU91MEdwbaV0pFC1EmxeQTxPv9Dc2uVkVhT1tA8trJAuZVf0zx.', '', 1, '2016-12-21 11:19:13', '2016-12-21 13:18:19'),
(1742, 2, 610, 'newmodlooksaloon@gmail.com', '$2y$10$OiWUV7kDedOBMX3p7C4hIeSbypXfG/Vs5Ep733lVPcg38YSgvgip.', '', 1, '2016-12-21 11:19:13', '2016-12-21 13:19:06'),
(1743, 2, 611, 'Dcutthesalon@gmail.com', '$2y$10$1UFPvNrrmJ.RRma6eKiOnO2a8pngCoQ7H6PdXyxYQNHebtpknw6Y2', '', 1, '2016-12-21 11:19:13', '2016-12-21 13:12:16'),
(1744, 2, 612, 'newmodagesaloon@gmail.com', '$2y$10$/j6sw.C57R1XaoHZlTeeuuvUBA5TcFSvdYXYUuo7zZbe97iaPYQxm', '', 1, '2016-12-21 11:19:13', '2016-12-21 13:10:28'),
(1745, 2, 613, 'vikarsalmani66@gmail.com', '$2y$10$8FpeizuKd1fCeb7wl8X6IefBzZvH1IgWOCd5/W72Z8USlZW83s8hO', '', 1, '2016-12-21 11:19:13', '2016-12-21 13:09:35');
INSERT INTO `users_22-12-2016` (`id`, `role_id`, `user_id`, `username`, `password`, `facebook_id`, `status`, `created`, `modified`) VALUES
(1746, 2, 614, 'amshgentsparlour@gmail.com', '$2y$10$i8ldJalVz02jTB48GwuEg.b6WBOlOeK0eljZau.CRE3enQJLaowUq', '', 1, '2016-12-21 11:19:32', '2016-12-21 13:06:23'),
(1747, 2, 615, 'Arifsalmani05@gmail.com', '$2y$10$q9R3j7sXRoRBcJ/yg6iMQujyLBVJx3Iw72N0vc3aPhizEUbb80sfK', '', 1, '2016-12-21 11:19:32', '2016-12-21 12:59:44'),
(1748, 2, 616, 'rashinkhan7752@gmail.com', '$2y$10$xSWSjWTViyUUEGmgFNLLhu.QoWxhepkqeFd0mZfXahXXaZmCzgPXS', '', 1, '2016-12-21 11:19:32', '2016-12-21 12:58:39'),
(1749, 2, 617, 'lateefahmed.78@gmail.com', '$2y$10$UZW/2k9AtrPF6RqoLVfx1u9vS7wbrVC1LxCRGFfv.3CuG.SLzFv0m', '', 1, '2016-12-21 11:19:32', '2016-12-21 12:57:24'),
(1750, 2, 618, 'sahilkhan5677@gmail.com', '$2y$10$tKh64krhK6koE4Q/eWRZnO.mFzcB9r5x4A4Ws4vTyxg3ADoi9kIOm', '', 1, '2016-12-21 11:19:53', '2016-12-21 12:56:10'),
(1751, 2, 619, 'imranenrich@gmail.com', '$2y$10$/.RdWtW7U73nY1.mIDzj.O47oUo6HpzfXRTz3xgt6oQL9K8w8clBu', '', 1, '2016-12-21 11:19:53', '2016-12-21 12:54:50'),
(1752, 2, 620, 'styleandsmilemenssalon@gmail.com', '$2y$10$0XV8idxztcHl8juCuHbXE.LkRf8uXTftZGDrPE22yBRo5G600.QBe', '', 1, '2016-12-21 11:19:53', '2016-12-21 12:51:23'),
(1753, 2, 621, 'naimahmed4411@gmail.com', '$2y$10$t4FCSBMi4Xoil1WhkkdgquiEtlcrkmKReeBAXPuUntEWtzrpoaam6', '', 1, '2016-12-21 11:19:53', '2016-12-21 12:50:29'),
(1754, 2, 622, 'saifazfar77@gmail.com', '$2y$10$QqImScqncAODD8hGeK2E/uxFhorVKF7uLLsUjOVL/OP0g50izN48C', '', 1, '2016-12-21 11:19:53', '2016-12-21 12:46:42'),
(1755, 2, 623, 'santoshsurya2016@gmail.com', '$2y$10$vImIySe04WqxcEp64wpD4OFjWYl7uFB9kmMHoEzCxBE9iYcVVMm9C', '', 1, '2016-12-21 11:20:55', '2016-12-21 12:45:27'),
(1756, 2, 624, 'sh3570857@gmail.com', '$2y$10$KBHE/jVbp5paMT7p1hs/sOoCLFfHVsNvoJkaT2HSCPXjyPd5YqP9q', '', 1, '2016-12-21 11:20:55', '2016-12-21 12:41:12'),
(1757, 2, 625, 'sanjeevkumar144@gmail.com', '$2y$10$XvbZ97WbXbeRIurUOiu8FuaL5GNLgNRuNKJq96jpoWiirhZqMS0Ne', '', 1, '2016-12-21 11:20:55', '2016-12-21 12:34:11'),
(1758, 2, 626, 'newinstylepintu@gmail.com', '$2y$10$czD8ulas7qhfgDJUwFYAdecreeBe5lBe7yCGBLCW7ma5485oZO2Ca', '', 1, '2016-12-21 11:20:55', '2016-12-21 12:33:03'),
(1759, 2, 627, 'aabidalvi687@gmail.com', '$2y$10$Drrdyk6yMvywHGv72B9xhObEm3UXHoxpnpFWZoeG0UsRa05cQFm.C', '', 1, '2016-12-21 11:20:55', '2016-12-21 12:32:14'),
(1760, 2, 628, 'sonucoolcutsaloon@gmail.com', '$2y$10$7fAVkmdkOcOrlf1FOz9S4eoTxBTDZ/h0iVtsEsTg.svbFFHUTOXgW', '', 1, '2016-12-21 11:21:33', '2016-12-21 12:31:25'),
(1761, 2, 629, 'romeohaircutsaloon@gmail.com', '$2y$10$9U1VvynsATf9qR686tC0GOCvEVRQIilPTzbfoCP17CMbTYdbwpYF.', '', 1, '2016-12-21 11:21:33', '2016-12-21 12:27:02'),
(1762, 2, 630, 'kstarsalon334@gmail.com', '$2y$10$EV8pPDTC3f.iz6WWDFjlU./oSlAD63pijKqsi10UociiinWVC0yGC', '', 1, '2016-12-21 11:21:34', '2016-12-21 12:26:05'),
(1763, 2, 631, 'mehtab78674@gmail.com', '$2y$10$HCWQuOYrIB5EC45E6U43p.oH2iBW.otl.Xr4xdy0AaOOO9b9l..Z6', '', 1, '2016-12-21 11:21:34', '2016-12-21 12:23:41'),
(1764, 2, 632, 'smartlooks.mensparlour@gmail.com', '$2y$10$4iuNJ3MdX6BxR6Xj9FnJNekayOkkMYIINGhwc73.fRXuR.1zmJRY2', '', 1, '2016-12-21 11:21:34', '2016-12-21 12:06:19'),
(1765, 2, 633, 'justcutmenssaloon@gmail.com', '$2y$10$W2krvVLnu716S7encyRuqeoWwS9r45OZ8FTbTrbDjtrLJaYfmFH9a', '', 1, '2016-12-21 11:22:10', '2016-12-21 12:23:12'),
(1766, 2, 634, 'aryan1994khan@gmail.com', '$2y$10$uqqRpIH2oh67JENp2m5L9.B4hqDXIHwOv7RvXY2kuLpxBozWI0LRi', '', 1, '2016-12-21 11:22:10', '2016-12-21 12:00:01'),
(1767, 2, 635, 'rajivgupta965@gmail.com', '$2y$10$VqqwcPH6wYR8a1kuBilACuPG1bvA6Pdg0rdGf4dI3dKgbuQtwExFm', '', 1, '2016-12-21 11:22:10', '2016-12-21 11:59:04'),
(1768, 2, 636, 'venusbeautysalon@gmail.com', '$2y$10$/FmRrRjVtSfOiB1PJRzvLuRr/YX1N4rykmkZ1cS.MQ6BNkN3wBTLa', '', 1, '2016-12-21 11:22:10', '2016-12-21 11:53:44'),
(1769, 2, 637, 'manishbeatyzone23@gmail.com', '$2y$10$ztSOfABA7lZ6NwGFkFWh/.9MKnSUvGDdJjZlpskczA9mMuhHMNqV6', '', 1, '2016-12-21 11:22:10', '2016-12-21 11:52:19'),
(1770, 2, 638, 'sarfarazwhatsappsaloon@gmail.com', '$2y$10$4V4yPBYqag6/Gs/3Rwp/HeTzxQve2zokUIzLBIjRChWi5DOwvRRZa', '', 1, '2016-12-21 11:22:36', '2016-12-21 11:49:09'),
(1771, 2, 639, 'mohitsakya143@gmail.com', '$2y$10$tAXmkyxnJ1yhmnVZcnI6ruEWSwyuFxz79HWuek52xo8HGVPNgSa4.', '', 1, '2016-12-21 11:22:37', '2016-12-21 11:48:23'),
(1772, 2, 640, 'maxmensparlour@gmail.com', '$2y$10$iRaJ/FHs/s0WU0fkdv.iNevQJcG2fS8ezSubsG3P7n5f27cL2i43q', '', 1, '2016-12-21 11:22:37', '2016-12-21 11:47:44'),
(1773, 2, 641, 'rocksalman33@gmail.com', '$2y$10$eyp0/rDf1e/hW2c6sPcBXuWHRiSCcPTfw4dmulZp024jaA6R91kgO', '', 1, '2016-12-21 11:22:37', '2016-12-21 11:46:25'),
(1774, 2, 642, 'haiderhony786.hh@gmail.com', '$2y$10$iIstc4YGeYge8S6in8gMo.jKten3JwndgP58THoSSpO.IgaUcVuCG', '', 1, '2016-12-21 11:22:37', '2016-12-21 11:45:42'),
(1775, 2, 643, 'sohrabsalmani27@gmail.com', '$2y$10$vwMiZEZRn9DRY7yWfN1hfOSzKMemX55JpiCku4cQGqyv3QJGltoZ.', '', 1, '2016-12-21 11:23:10', '2016-12-21 11:43:56'),
(1776, 2, 644, 'vickygaur27@yahoo.com', '$2y$10$MnxJTxTl2V75C.t4ThAXnuPgKBtVwqrscvbOk50OAvJgfuF3/x05.', '', 1, '2016-12-21 11:23:11', '2016-12-21 11:42:45'),
(1777, 2, 645, 'namitnatural22@gmail.com', '$2y$10$nvbQ84IVRppplopU1E2qhO2hGDOR9EzDVmyZ2dHNLEa1q1ar0QKl6', '', 1, '2016-12-21 11:23:11', '2016-12-21 11:38:50'),
(1778, 2, 646, 'hairworldsalon@gmail.com', '$2y$10$tiFa7AOrcQgxbXqtzpKGR.ggcM5GHqEF1elV3iAk6UhYyqTz8W5b6', '', 1, '2016-12-21 11:23:11', '2016-12-21 11:38:00'),
(1779, 2, 647, 'adsalon@gmail.com', '$2y$10$7jlfaddq6YsWW.F79mpkietqyEkHSTRYrTrRISVzGspxBsXuKwT8.', '', 1, '2016-12-21 11:23:11', '2016-12-21 11:36:35'),
(1780, 2, 648, 'stylemenssaloon@gmail.com', '$2y$10$FnVws5/kjKFz13yofHRCaOw0jamQD12RpGOkRF/IYARb95xGgrj2u', '', 1, '2016-12-21 11:23:29', '2016-12-21 11:33:37'),
(1781, 2, 649, 'looknstyle007@gmail.com', '$2y$10$GYgGBrpSySCObxIL3zpuLutLsL4crxgchbIBEZbFcVaF2gbcVYA/y', '', 1, '2016-12-21 11:23:29', '2016-12-21 11:37:08'),
(1782, 2, 650, 'britishmansalon@gmail.com', '$2y$10$Bg8UeBw.E1d0cHQVVDcgteeEDw3iF99WsH1AI30FjzJE3ncgFnJ1u', '', 1, '2016-12-21 11:23:29', '2016-12-21 11:37:18'),
(1783, 2, 651, 'rohitchauhan612@gmail.com', '$2y$10$j7eBCS4EWMsb1rEoMxGoHuCBYc0r19ykGA0iylmhcIFZ9xYJm7jlW', '', 1, '2016-12-21 11:37:11', '2016-12-21 11:37:11'),
(1784, 2, 652, 'kishanpanchal249@gmail.com', '$2y$10$BFKr.SJdhrnvt/.DSI0rbebpHof6/WHGfGboU3.RFd7VhnzBPSMea', '', 1, '2016-12-21 11:37:11', '2016-12-21 11:37:11'),
(1785, 2, 653, 'aadityaswami@yahoo.com', '$2y$10$Hd8MsCMwCk57fMbefrn9r.0ThpRIyzcEeiY92blFctBDPuaz4D4c2', '', 1, '2016-12-21 11:37:11', '2016-12-21 11:37:11'),
(1786, 2, 654, 'rohit.kumar2900@outlook.com', '$2y$10$ICN/pvTsvA8ga31BGLiHmOTS5EZl91cflCEprGdj0hnu9tH49Jj1e', '', 1, '2016-12-21 11:37:11', '2016-12-21 11:37:11'),
(1787, 2, 655, 'savybhola01@gmail.com', '$2y$10$48EvMDLOCccLJvORAiq/D.OtTHN2MKCNcT9bS9Uh0c4lgMLZDlbKu', '', 1, '2016-12-21 11:48:15', '2016-12-21 11:48:15'),
(1788, 2, 656, 'shapeandcurve69@gmail.com', '$2y$10$l6vkbkXT6291/63ekdTTh.OrZkbj5jVJmSf4.u0N.0pGadFQ.6Kau', '', 1, '2016-12-21 11:48:36', '2016-12-21 11:48:36'),
(1789, 2, 657, 'yoganaturopathy@gmail.com', '$2y$10$9h2P9h/j.EpyZIVxedgDleko66JR5B98mFiFtOup7qdFamw1TPucm', '', 1, '2016-12-21 11:48:36', '2016-12-21 11:48:36'),
(1790, 2, 658, 'kungfu.warriors@gmail.com', '$2y$10$uQ2kunwHfQN3wUh97LkO3e2tCd3jjJIs8Rp2eUqmSuTVdC12w49Jy', '', 1, '2016-12-21 11:48:36', '2016-12-21 11:48:36'),
(1791, 2, 659, 'fitvisheshsharma@gmail.com', '$2y$10$YILpO3bBE8gu0ZGOZBGRwu346SmJrNvjVik147bZlkdiDMXXrq3uy', '', 1, '2016-12-21 11:48:51', '2016-12-21 11:48:51'),
(1792, 2, 660, 'rawat.punit16@gmail.com', '$2y$10$u4.Tw3we0VgtDcnDK3VjHeS/I9t1xwMcYtRcjy2tPJW4.uDypevda', '', 1, '2016-12-21 11:48:51', '2016-12-21 11:48:51'),
(1793, 2, 661, 'vpn_rathore@rediffmail.com', '$2y$10$TQJ2epw0sRwublHhgQfUqeVhlJfU67HJehrx8vgr6u2sl98Vx80jm', '', 1, '2016-12-21 11:59:42', '2016-12-21 11:59:42'),
(1794, 2, 662, 'ap505491@gmail.com', '$2y$10$lII0EA8D5m7rhbo/Mw3/leuWi54C8nJU6katH.1I8n1qw3AVNxbjy', '', 1, '2016-12-21 11:59:42', '2016-12-21 11:59:42'),
(1795, 2, 663, 'prakashchander.935@rediffmail.com', '$2y$10$k9gUaio11p8ClAVpUjE5Y.F07OfBdtqCuameo2DamWmMczsVczFa6', '', 1, '2016-12-21 11:59:42', '2016-12-21 11:59:42'),
(1796, 2, 664, 'jayantilal@yahoo.com', '$2y$10$N/uKjIDS5pi672GOb2CiJei.4y8Na78fm/5NnS1OOzYaMmrH4DJye', '', 1, '2016-12-21 12:06:40', '2016-12-21 12:06:40'),
(1797, 2, 665, 'santupadhyay2015@gmail.com', '$2y$10$cfQw1IymLKYyTAXgH/OrNexAhJuDbgjRG3ddbA34JjAhlH35HQcB2', '', 1, '2016-12-21 12:15:21', '2016-12-21 12:15:21'),
(1798, 2, 666, 'yogsattva@gmail.com', '$2y$10$In3Q3Qfm1jdw.VAPiIUnGuCzDp5BDb7KrvNBuOZwPe9RZ9WDPXz8.', '', 1, '2016-12-21 12:15:21', '2016-12-21 12:15:21'),
(1799, 2, 667, 'rajkumarsud@yahoo.com', '$2y$10$IpVZ4yfP6.A13yBGrbxaieVxn1EFMiikN5zvWE61Io4zQwNm9he/S', '', 1, '2016-12-21 12:15:21', '2016-12-21 12:15:21'),
(1800, 2, 668, 'amitsoham@diffminion.in', '$2y$10$ahU0pizgYHqAiLBPAQ0CGuLLjJBSnA14h5iv3jPyllu1czUFUWuhy', '', 1, '2016-12-21 12:15:21', '2016-12-21 12:15:21'),
(1801, 2, 669, 'gantsms005@gmail.com', '$2y$10$s3HAJWhNNmV2cJKWKL7PKOX0hq.8tE2c/ibN0Ovg/UsxTpSmBzPai', '', 1, '2016-12-21 12:15:21', '2016-12-21 12:15:21'),
(1802, 2, 670, 'chaurasiarupali4@gmail.com', '$2y$10$r2vfT9QyzP.fgDv.88ZHLu3tuk9Auq568bk8FyOaS1fFBNbYQsLr6', '', 1, '2016-12-21 12:15:45', '2016-12-21 12:15:45'),
(1803, 2, 671, 'crupturamesh939@yahoo.com', '$2y$10$G4rv.in.OgkSmGciNBL2x.2iav8hVxDj6Z8Kbm.u23YCPYWnk3ODy', '', 1, '2016-12-21 12:15:45', '2016-12-21 12:15:45'),
(1804, 2, 672, 'chandanisingh98@gmail.com', '$2y$10$hWipc4s53nq8emdFgFjIJ.jkrzJId3.IQGAgmQwA338tZkLVBNoqq', '', 1, '2016-12-21 12:15:45', '2016-12-21 12:15:45'),
(1805, 2, 673, 'dwarkayogacentre@gmail.com', '$2y$10$yM7hjrzWl9IPSUZDHm97yud3BgnXM6M00DENc.B4FbYIlgyxsWzsO', '', 1, '2016-12-21 12:15:45', '2016-12-21 12:15:45'),
(1806, 2, 674, 'impcc.ashokkumar@gmail.com', '$2y$10$fRnpMGpZ1gLUvWj9ltBTD.qiqzyV6BqvVb6kdqZEhrzvxmg598KgW', '', 1, '2016-12-21 12:15:45', '2016-12-21 12:15:45'),
(1807, 2, 675, 'yogasattva@gmail.com', '$2y$10$0VVoIVDoOXbnP/SGkn8i9uzlT6A0/9clC/nKCsajpSM2GhUWV2NmK', '', 1, '2016-12-21 12:16:01', '2016-12-21 12:16:01'),
(1808, 2, 676, 'suresh4589@outlook.com', '$2y$10$D/jfAf.BjQJqbVmVo96IhO34Ex0wahSJUoMQ3gCsIw4opgqZKBH22', '', 1, '2016-12-21 12:41:10', '2016-12-21 12:41:10'),
(1809, 2, 677, 'grv458@rediffmail.com', '$2y$10$cCUhjLfDWHj4NEduyCyCvOCz6WOQZyfV3GlfrrkXYmNUrv2yKW5VS', '', 1, '2016-12-21 12:41:10', '2016-12-21 12:41:10'),
(1810, 2, 678, 'chetansingh458@outlook.com', '$2y$10$8bjIW84khsFNXn7To2YuZ.evKz55fSFagqvS7.JjzD2UarsrTLp9m', '', 1, '2016-12-21 12:41:10', '2016-12-21 12:41:10'),
(1811, 2, 679, 'thebodychampiongym@gmail.com', '$2y$10$ZiMckWagxk.k0YhqWDFxceq70ljC4fddKw.192knMBw5imhcVudHK', '', 1, '2016-12-21 12:41:10', '2016-12-21 12:41:10'),
(1812, 2, 680, 'galaxyfitness@gmail.com', '$2y$10$9XWaAGgnRyrN49sB0eUji.BaY2/TWClC78fQuq15.u3g9S9DIfNJO', '', 1, '2016-12-21 12:41:10', '2016-12-21 12:41:10'),
(1813, 2, 681, 'palparveen88@gmail.com', '$2y$10$/UWKz1kS1FiHD4y9bPio2OldxfPyfiex9xNskCppRNYO/Ncg9ceEa', '', 1, '2016-12-21 12:57:30', '2016-12-21 12:57:30'),
(1814, 2, 682, 'dharamvir086@gmail.com', '$2y$10$yWeOkHcLjO/2iawzcyHeyegtqBD00F1M052WX124bSPBbQKauToMK', '', 1, '2016-12-21 12:57:30', '2016-12-21 12:57:30'),
(1815, 2, 683, 'umashankar_om15@yahoo.in', '$2y$10$OKZmbOkjLnrrz5H4A0zGSecFH2tqVHZRF4RjX2xayasaPpc4KkB9S', '', 1, '2016-12-21 12:57:30', '2016-12-21 12:57:30'),
(1816, 2, 684, 'sunilfitnesstrainer@gmail.com', '$2y$10$ljhvTscwZTdYVLnP.b5tNelMmMZ55Xr4oV563ZK781aHKDQZQYOzG', '', 1, '2016-12-21 12:57:31', '2016-12-21 12:57:31'),
(1817, 2, 685, 'zubairfarooqui20@gmail.com', '$2y$10$jcFso72pU7C1B4uoO4BtO.VXJC9fulKaqfK0C2hEdEaF7UwmtE9Qm', '', 1, '2016-12-21 12:57:31', '2016-12-21 12:57:31'),
(1818, 2, 686, 'manojchandra89@gmail.com', '$2y$10$vj5HboBb8ky895ZZUSBk9e7Z3JTYVEGyBKVZitVU9ylxA3pdCmhFi', '', 1, '2016-12-21 12:57:31', '2016-12-21 12:57:31'),
(1819, 2, 687, 'krishnakumar01@gmail.com', '$2y$10$xWiobl0e4aNI0QVYFoJQ4.eCKbsOg/a7J8udIrcTl6xTV7wukgNpi', '', 1, '2016-12-21 13:10:50', '2016-12-21 13:10:50'),
(1820, 2, 688, 'rakeshgahlot1990@gmail.com', '$2y$10$qOKe2D.KSW9HOz35V2yQkuNC9MaRPX5j5Mj29uRqC4vG5G515vhWi', '', 1, '2016-12-21 13:10:50', '2016-12-21 13:10:50'),
(1821, 2, 689, 'ryrahulyadav383@gmail.com', '$2y$10$NAcjZf2K4F.6mtEJ484pjuKP41cTIqe1Zj5BscFiwwCsTSOp9dLsa', '', 1, '2016-12-21 13:10:50', '2016-12-21 13:10:50'),
(1822, 2, 690, 'Ajaykumar2554@gmail.com', '$2y$10$CEPKcjv/HxXMwmogCuk8e.PZn5MNk/.slVp4THpl3JBLaIS8RUTSq', '', 1, '2016-12-21 13:10:51', '2016-12-21 13:10:51'),
(1823, 2, 691, 'raineeraj@gmail.com', '$2y$10$snhzXQwi1wZL/pg2Rvl9FOrWPs3yoebbfKtIskBa8zWT.0h/iYDEy', '', 1, '2016-12-21 13:10:51', '2016-12-21 13:10:51'),
(1824, 2, 692, 'mrinaliniagarwal20@gmail.com', '$2y$10$iHuqyA3Vz/relJTPWbhvg.pwhnqW8yFMeD4hwiUPQhapsolRL4XYK', '', 1, '2016-12-21 13:10:51', '2016-12-21 13:10:51'),
(1825, 2, 693, 'Ajjha205@gmail.com', '$2y$10$9v6N5hJbbS/2tBbakTPT2e0Ixt1j2ash2aTlYw2g.BoNsiMmBEniq', '', 1, '2016-12-21 13:17:12', '2016-12-21 13:17:12'),
(1826, 2, 694, 'sumitfitness22@gmail.com', '$2y$10$tr2l4ariqaeLVCrJQEMdXeKA9FJf7vEIer5h6.pATjBM/AweUtb0i', '', 1, '2016-12-21 13:17:12', '2016-12-21 13:17:12'),
(1827, 2, 695, 'Sachinrajput18@gmail.com', '$2y$10$9kg2hgEHQSaRffjB/PExNOmEalO4R3upvNT2llRG/F9fRD4CigcFq', '', 1, '2016-12-21 13:28:56', '2016-12-21 13:28:56'),
(1828, 2, 696, 'lalchand8231@gmail.com', '$2y$10$4N1LBbB0ub2onL38maUaqutAl6nePQVz/VFtPZBzzBppUY0lbLslC', '', 1, '2016-12-21 13:28:56', '2016-12-21 13:28:56'),
(1829, 2, 697, 'davindersingh007@gmail.com', '$2y$10$IBfrWIjz6CLUDyBdajyCoOU4ClQltfoi8DaXJ7DbPqN1a6nRyZJw.', '', 1, '2016-12-21 13:28:56', '2016-12-21 13:28:56'),
(1830, 2, 698, 'highflyerfitness0@gmail.com', '$2y$10$YVO/GiD4RiQmCcCYbA32.u/TG3p7AvO3vU3eUUvrgxcgDQc78HfQu', '', 1, '2016-12-21 13:32:20', '2016-12-21 13:32:20'),
(1831, 2, 699, 'vipul1993saini@gmail.com', '$2y$10$TxxFwefwIsT8AnkgDlblcOZ/vROe6Qhf7aJKjDd7CLvhrfdSfsmB6', '', 1, '2016-12-21 14:16:30', '2016-12-21 14:16:30'),
(1832, 2, 700, 'jeetchalotra@ymail.com', '$2y$10$3bEBqdVq9ZzYWbI0zyUl2uRL.ICM1wC0r0DCucOXOtDEMvnWoxe.i', '', 1, '2016-12-21 14:16:31', '2016-12-21 14:42:07'),
(1833, 2, 701, 'chaddhadeepak1986@gmail.com', '$2y$10$PSFCljwdr6SLH/bt7BCzWeI/Cry3pagjy/FMbdJZQ5/8cHC8PdMLW', '', 1, '2016-12-21 14:16:31', '2016-12-21 14:40:32'),
(1834, 2, 702, 'test@jshs.in', '$2y$10$umkoVhwwhNwaQ6PFSSojTelelhTkOnFOOVfWNwbe7bXzwfFC2QGz6', '', 1, '2016-12-21 14:42:04', '2016-12-21 14:42:04'),
(1838, 2, 706, 'yuyukfyk@gmail.com', '$2y$10$eFx.VBgCOGQhCXrd0nAJfe1LnQ82iHbReZAfaMThYXOVD4u8jNtFq', '', 1, '2016-12-21 14:45:33', '2016-12-21 14:45:33'),
(1839, 2, 707, 'jk9506@gmail.com', '$2y$10$n37fGal4HIr6sRA6d9b1/OYESL9v/SmYF3OSU7BJfZ9YKn2V0VsSC', '', 1, '2016-12-21 14:47:12', '2016-12-21 14:47:12'),
(1840, 2, 708, 'premeshwerpg@gmail.com', '$2y$10$Vwt36Kf0Up5D9nOwxqizWudouCzLu93hEracdDbGIzyXk17l2nFli', '', 1, '2016-12-21 15:29:39', '2016-12-21 15:29:39'),
(1841, 2, 709, 'vineshgupta78@gmail.com', '$2y$10$QBOEPBhbGj8Ya5Qc2b849.KlsH98R.7F.KhPXoQgtYprsHT7gl59S', '', 1, '2016-12-21 15:29:39', '2016-12-21 15:29:39'),
(1842, 2, 710, 'aurafirness22@gmail.com', '$2y$10$YjOG/Qjk7QkY0P0lz5hsfuHLqZwvODLcP22bgjdQZP.1cYyWgUmJ6', '', 1, '2016-12-21 15:29:39', '2016-12-21 15:29:39'),
(1843, 2, 711, 'spartan.mayurvihar@gmail.com', '$2y$10$av5WeDOV4JY.XdWMOP/NHeVygUeMTT14JRD.AjjhmHkdXH/hLA4Ie', '', 1, '2016-12-21 15:29:39', '2016-12-21 15:29:39'),
(1844, 2, 712, 'hollywoodfitnessstudio@gmail.com', '$2y$10$Eu3JlAKLJODD8xW8o0s7KeNINYbAJ6QnioniHrclLeXRphqxwFBLm', '', 1, '2016-12-21 15:29:39', '2016-12-21 15:29:39'),
(1845, 2, 713, 'yuvrajtejawat11@gmail.com', '$2y$10$VkjNC9fRCrK9LFWUMlbYKeMnDm/Tp/LIfxT7RTfYUV/T5VHjoyOy2', '', 1, '2016-12-21 15:34:30', '2016-12-21 15:34:30'),
(1846, 2, 714, 'rajkumarmehandiart@gmail.com', '$2y$10$7VEC/KdNcFcqMolrdueWM.Rhtgqic1lfRmCM5uhkPjTABFqughZcS', '', 1, '2016-12-21 15:34:48', '2016-12-21 15:34:48'),
(1847, 2, 715, 'balajimehandiart04@gmail.com', '$2y$10$VmXnP66hTPocePzwZBwRW.DHTiGiKjW8Rpgk9XNHbcbcysWexPWT6', '', 1, '2016-12-21 15:34:48', '2016-12-21 15:34:48'),
(1848, 2, 716, 'vimalgupta2233@gmail.com', '$2y$10$.sbi0KlaFuC3Bu54yp9FJ.spLiSPJ/2BwmMrzYXI5dI09XL/JcbtG', '', 1, '2016-12-21 15:34:48', '2016-12-21 15:34:48'),
(1849, 2, 717, 'anantseth1603@gmail.com', '$2y$10$Ug1XXneLuE5O1R1xzqsXK.3hyeSyathhWwZ.ipK8F4CZTLD6ZotgC', '', 1, '2016-12-21 15:36:14', '2016-12-21 15:36:14'),
(1850, 2, 718, 'theroyalgym@gmail.com', '$2y$10$NsbqVkdr.8qQpHjyC/LTAuNz83aX/t0aFdrN4LDoSzk1jlE1g3EUy', '', 1, '2016-12-21 15:36:14', '2016-12-21 15:36:14'),
(1851, 2, 719, 'snapfitnessindia@gmail.com', '$2y$10$YNr69YmmXmBOPA4XFP1BGeeJYSc2Y70qOn6Ls/zmAnH19jVIs9W5i', '', 1, '2016-12-21 15:36:14', '2016-12-21 15:36:14'),
(1852, 2, 720, 'mof.co@gmail.com', '$2y$10$fQ99Xh84LZKoW0zseADaV.5MZr8PCqrPmhmGU4pU4yoFMx0HDfUB6', '', 1, '2016-12-21 15:36:14', '2016-12-21 15:36:14'),
(1853, 2, 721, 'vinodaggarwal912@gmail.com', '$2y$10$P37Sr3AVgfwMXyCnddxHB./zYHNuvutZuN9Rmqbko1IMUraXO8MvG', '', 1, '2016-12-21 15:36:14', '2016-12-21 15:36:14'),
(1854, 2, 722, 'manoj.k29@outlook.com', '$2y$10$jiL3TBDXOEa0Xux3cuiLLuaXuUmw7QzAuuSbXpNEmGKh401t2Pi0W', '', 1, '2016-12-21 15:36:47', '2016-12-21 15:36:47'),
(1855, 2, 723, 'manoj.gahlot@outlook.com', '$2y$10$4EnVu/4EwzUIHoxHw.StROlgdPOWfJMU9ZUInYw4pJAQ/Zk8Us5rG', '', 1, '2016-12-21 15:36:47', '2016-12-21 15:36:47'),
(1856, 2, 724, 'theironclub@gmail.com', '$2y$10$1Do.6E7U2LcNhaY.2wvFE.RRrhexvJE24aLTjnBJI11Wz1L/nxNuG', '', 1, '2016-12-21 15:36:47', '2016-12-21 15:36:47'),
(1857, 2, 725, 'info@fluidfitness.in', '$2y$10$s3blnyvBWtbP/B3lTs3KLOxmxeN88BvZF9AjAsxtVvI3hbzcM8GmK', '', 1, '2016-12-21 15:36:47', '2016-12-21 15:36:47'),
(1858, 2, 726, 'Eaglegym05@gmail.com', '$2y$10$7P75zyIoYsrRnUP90.dG.ufDxIAqCN3jwt/PolIz/6hmQjpSwSUam', '', 1, '2016-12-21 15:36:47', '2016-12-21 15:36:47'),
(1859, 2, 727, 'Uk1623@gmail.com', '$2y$10$rAn2kTeHgKzi00mNH3HxyO3.Wxnnl6ZsmZLRXd4FeQ5ksIM0at376', '', 1, '2016-12-21 15:37:29', '2016-12-21 15:37:29'),
(1860, 2, 728, 'musclebar01@gmail.com', '$2y$10$NHepZxXv7mWPo7NcQrNk1O3bgh.GkP7pi26P7bPpmnZiZCaigAfLq', '', 1, '2016-12-21 15:37:29', '2016-12-21 15:37:29'),
(1861, 2, 729, 'FitnessFuturegym@gmail.com', '$2y$10$Z6ED3JjboPvTyvMetcropebclSewj8v4Tw7fjr01RIrxvz4okJiA2', '', 1, '2016-12-21 15:37:29', '2016-12-21 15:37:29'),
(1862, 2, 730, 'info@energieindia.com', '$2y$10$TJzJc7CFu1IrlVxn4DcUZOWOzqXHv8zBQRlB8cEGPEMO964XQd0m2', '', 1, '2016-12-21 15:37:29', '2016-12-21 15:37:29'),
(1863, 2, 731, 'Naul@rediffmail.com', '$2y$10$TB21iXtSocN0OUOTmHquouclZw8lfww5Mr.PUmkJY2jV9m4EUEKFm', '', 1, '2016-12-21 15:37:29', '2016-12-21 15:37:29'),
(1864, 2, 732, 'Amitarora2219@gmail.com', '$2y$10$MaUB2U78aW6td5y4GedXeOAp6JSN4JUHMjM2mSIp4QJU5rTzMmd.O', '', 1, '2016-12-21 15:37:53', '2016-12-21 15:37:53'),
(1865, 2, 733, 'rajouri.delhi@anytimefitness.in', '$2y$10$0zqA4SrS49TwvfpbPe7QIOJsAPx7.Ho0.gPLhiUnHCjm9aeh8UdZ2', '', 1, '2016-12-21 15:37:53', '2016-12-21 15:37:53'),
(1866, 2, 734, 'kushalkumar149@gmail.com', '$2y$10$5bH8MdWseQlDnwHbSrqC8.UaBPTpCpgKLoQkdQ97fVh/9EMFA96ae', '', 1, '2016-12-21 15:37:53', '2016-12-21 15:37:53'),
(1867, 2, 735, 'Bhupendernijhawan_2001@yahoo.com', '$2y$10$3WFv6I7CS98Wl25zFYalAe5yyQYT/g0NXJs11Qew/FzBljE3WhRKe', '', 1, '2016-12-21 15:37:53', '2016-12-21 15:37:53'),
(1868, 2, 736, 'C2janakpuri.delhi@anytimefitness.in', '$2y$10$vLIXI3g1ogUNeatgzDIdOOJl45rRet88OPimgMBKLJz/FX7cwdOrO', '', 1, '2016-12-21 15:37:53', '2016-12-21 15:37:53'),
(1869, 2, 737, 'addictionhealthclub@gmail.com', '$2y$10$BKLtypana35898QsldhvgOXBkSOqKqtY7AACkHLdNdSolJMalzA3q', '', 1, '2016-12-21 15:38:28', '2016-12-21 15:38:28'),
(1870, 2, 738, 'harnek93@gmail.com', '$2y$10$0OjecRQWp4rOmbgxp2ae1.XRTmXDhC9WAB4beJJ/rRa0IqgAf4HXq', '', 1, '2016-12-21 15:38:28', '2016-12-21 15:38:28'),
(1871, 2, 739, 'pankaj_tyagi13@yahoo.com', '$2y$10$CIlKf.RySFeo4BH5D01QleC.p3JDc7PI9X65EPoNlB7Y9pFwaDJf2', '', 1, '2016-12-21 15:38:28', '2016-12-21 15:38:28'),
(1872, 2, 740, 'vaibhavpratapsingh3@gmail.com', '$2y$10$kn9ZK5/fJ22Oa49ZbSmXj.GU538eH2n2QjJleyaYzBrz3mO5VAkea', '', 1, '2016-12-21 15:38:28', '2016-12-21 15:38:28'),
(1873, 2, 741, 'strength_thegym@yahoo.com', '$2y$10$JIusCFQ29iTO5oVzeNtuHedgzi6Byziz2uxgB/FmivVwf/PVF9tlO', '', 1, '2016-12-21 15:38:29', '2016-12-21 15:38:29'),
(1874, 2, 742, 'diamondgym@gmail.com', '$2y$10$rxWJdFrFee.yANYgMfaJg.KYs.B5AmeYm8mgwHrbkBeaOOnPQ9MJK', '', 1, '2016-12-21 15:38:43', '2016-12-21 15:38:43'),
(1875, 2, 743, 'naveentokas1985@gmail.com', '$2y$10$GnHSuVght2KdKzH16104/OKGrGurtpLlcOz/mqMOw.MJcCVF/waBu', '', 1, '2016-12-21 15:38:43', '2016-12-21 15:38:43'),
(1876, 2, 744, 'littlestarstudiounisex@gmail.com', '$2y$10$Md8ANyZthHFZQ7UnDOtJw.Dlz2NyEiqUoLgNJMeL7D6mv5QguLpJe', '', 1, '2016-12-21 15:42:54', '2016-12-21 15:42:54'),
(1877, 2, 745, 'creativesalon@gmail.com', '$2y$10$MVYB9o0efUKL7HLdTo1vke3CgrMQI.IdwxKALIZe0FseqtUITWtXG', '', 1, '2016-12-21 15:42:54', '2016-12-21 15:42:54'),
(1878, 2, 746, 'CNCbeauty@gmail.com', '$2y$10$05Ym8R0kBC5kTXEucxhJQ.Fzqt5YPQvAVMw8otjaKMs2nxcFqTEhy', '', 1, '2016-12-21 15:42:54', '2016-12-21 15:42:54'),
(1879, 2, 747, 'luckymehandi45@gamil.com', '$2y$10$7m0mPZ1fa8r1XWWQpn7JeOz0JiLvpOZR1htNnVVZ3Ron2LJOBe9QG', '', 1, '2016-12-21 15:55:14', '2016-12-21 15:55:14'),
(1880, 2, 748, 'sushilmehandi@gmail.com', '$2y$10$pdLvXDwzqcVLg4JMWJnMn.j71g4.VLJ.mYqmMHafAB3o0WXL9Pqcu', '', 1, '2016-12-21 15:55:14', '2016-12-21 15:55:14'),
(1881, 2, 749, 'rakeshmehandiart@gmail.com', '$2y$10$IW9SzZPQo5S9NBU0hClttOj3GUUcXwupU8LFAWqTBfo1ui143.sta', '', 1, '2016-12-21 15:55:14', '2016-12-21 15:55:14'),
(1882, 2, 750, 'rkmehandiwala@gmail.com', '$2y$10$k9PCyD4dI7D6IJTSMgwAMu0HNrx.Eh7QM72MG2wFoEFA57jmnosSu', '', 1, '2016-12-21 15:55:14', '2016-12-21 15:55:14'),
(1883, 2, 751, 'amitanand872@gmail.com', '$2y$10$2.dfqVbJaxY5bnTikpkvoeydkGGx3AOn/Aj/wnXE3ETYiXKQ9boNK', '', 1, '2016-12-21 15:56:17', '2016-12-21 15:56:17'),
(1884, 2, 752, 'assbeautyparlour@gmail.com', '$2y$10$IyxisjU3zJ4TIhzu9D94ReNphNU8xrTEHLen7q41gEx9cecLKUp6O', '', 1, '2016-12-21 15:56:18', '2016-12-21 15:56:18'),
(1885, 2, 753, 'poonamsenorita@rediffmail.com', '$2y$10$jXQo3wEuKI34fVxpflbsZ.tn/kLOaFT6y8sdR6FZeH0fBScBSQMoi', '', 1, '2016-12-21 15:56:18', '2016-12-21 15:56:18'),
(1886, 2, 754, 'infinitysalonkb@gmail.com', '$2y$10$00nEdfG3KZnuFg9vJk.1EOF5YyuyoDz0Jt/tdlGKXW.TkQ/WtSoHi', '', 1, '2016-12-21 15:56:18', '2016-12-21 15:56:18'),
(1887, 2, 755, 'magictouchcenter@gmail.com', '$2y$10$lhVaWaWxG4bKW2yfH5AhteO0LmOAo4oePEr1WYK7ZocNfw7h6S1Je', '', 1, '2016-12-21 16:10:24', '2016-12-21 16:10:24'),
(1888, 2, 756, 'shadabalam05@gmail.com', '$2y$10$JW4c4RjwBys0RrtJWFKEkOD3wd/InKLq6ovPqHcucsBTyU98kev2K', '', 1, '2016-12-21 16:10:24', '2016-12-21 16:10:24'),
(1889, 2, 757, 'agc9540424962@gmail.com', '$2y$10$FMeWpQ0CkE221ykic41yCuIlJYnuDe7L2disJWPVhyGA/NiqGvqP2', '', 1, '2016-12-21 16:10:24', '2016-12-21 16:10:24'),
(1890, 2, 758, 'newalfaunisexsaloon@gmail.com', '$2y$10$JUsZx3.Kd7Xlk9CLZraA4.9LzBoufSz4Ly96ubRIucUXygXaKhVdK', '', 1, '2016-12-21 16:10:25', '2016-12-21 16:10:25'),
(1891, 2, 759, 'princesbeautyparlour22@gmail.com', '$2y$10$NHZiumOjuaitIlautUDNROFjl05.hEICLHFAzKWd3PdNBHs0wRbsi', '', 1, '2016-12-21 16:10:25', '2016-12-21 16:10:25'),
(1892, 2, 760, 'shivam.kr29@outlook.com', '$2y$10$N.ebsWP27AlQaEJhT7AftOfFDTqxkRydVxXdZSrkVg./wvbmluPdy', '', 1, '2016-12-21 16:12:03', '2016-12-21 16:12:03'),
(1893, 2, 761, 'ram.ratan29@outlook.com', '$2y$10$ZTmRhLZkIoGVsSTdIQ8iHuDM7VUK2LwFIqG804h7sUlGW6PR3xDHK', '', 1, '2016-12-21 16:12:03', '2016-12-21 16:12:03'),
(1894, 2, 762, 'atar_singh@outlook.com', '$2y$10$hV4FIngMRjJdyLpnEhpGuOxa.Thh1mkO8sxZNZSSEHCaG0q6npqeu', '', 1, '2016-12-21 16:12:03', '2016-12-21 16:12:03'),
(1895, 2, 763, 'shivammehndi@outlook.com', '$2y$10$TfwP1MCzuonLHXpgZ49VOeDg1rnZbh4CUIFysic1wYqJMsXoTi/M.', '', 1, '2016-12-21 16:12:03', '2016-12-21 16:12:03'),
(1896, 2, 764, 'narenderkrsharma@outlook.com', '$2y$10$yTgg/bcAkqbv5H43q4fKTuL5jnU0gZQBt7aEr7KlM7IAzFDPUd/gS', '', 1, '2016-12-21 17:08:22', '2016-12-21 17:08:22'),
(1897, 2, 765, 'iqbalmehndi@outlook.com', '$2y$10$fb2gyUPXjYGu8y9FEVFB/usxVT1l/mElCsUTyS47mL.pC43Ll81Yu', '', 1, '2016-12-21 17:08:22', '2016-12-21 17:08:22'),
(1898, 2, 766, 'princeyadav29@outlook.com', '$2y$10$N8CW0NwdpeEsZiDX1cUO2ew.tknzCXkWDCJb401N4Cs5d.zVTmhuS', '', 1, '2016-12-21 17:08:22', '2016-12-21 17:08:22'),
(1899, 2, 767, 'figurepoint@hotmail.com', '$2y$10$MsZjUxMWX1tc73yyi4hn9.dxBkdiaSjk0wMfoprV66.pZSf43qPv6', '', 1, '2016-12-21 17:10:11', '2016-12-21 17:10:11'),
(1900, 2, 768, 'aarohibeautyparlour@gmail.com', '$2y$10$LhTIU4UW5Tu6Y5KLIM8fUeN7Xg5UBF6VXG9wQFGOdP0DBL0NWgGsq', '', 1, '2016-12-21 17:10:11', '2016-12-21 17:10:11'),
(1901, 2, 769, 'uniqueunisexsaloon@gmail.com', '$2y$10$npn8Nf1J0IMtXkvmgm60OuLJ871U2IRYhxyMoUxKzC60cJ2p3kt4u', '', 1, '2016-12-21 17:10:11', '2016-12-21 17:10:11'),
(1902, 2, 770, 'vickymehndiarts@gmail.com', '$2y$10$vvt/jvzAdyfFX1YCQajlQuMMni0akb35RS8thHbV.VCDDWW50mOEi', '', 1, '2016-12-21 17:11:53', '2016-12-21 17:11:53'),
(1903, 2, 771, 'bnath0920@gmail.com', '$2y$10$6B7WyixZJVDuhqs8MMouFuDhynw2qF.K7vP/rxoln84P3FTnu0s/e', '', 1, '2016-12-21 17:11:53', '2016-12-21 17:11:53'),
(1904, 2, 772, 'nankemd@rediffmail.com', '$2y$10$xGu2MCs6v3HR/iGx3v43FuQUO1dsaWK4NZRuE3JTs3JaLK7anPjMW', '', 1, '2016-12-21 17:11:53', '2016-12-21 17:11:53'),
(1905, 2, 773, 'irfanmd20@yahoo.com', '$2y$10$wjmtPHSsW687GKUhtg0eCOu5rhv8IkdIIfEjLOfx7DxkqTjjJy/NW', '', 1, '2016-12-21 17:11:53', '2016-12-21 17:11:53'),
(1906, 2, 774, 'hllmnna@rediffmail.com', '$2y$10$d9pV3ITgnPnD.DfbTLFtiOnVD5qH5H9./7BV04.WwkcmpED22UTNq', '', 1, '2016-12-21 17:14:23', '2016-12-21 17:14:23'),
(1907, 2, 775, 'mdi76900@gmail.com', '$2y$10$wdiP/8TJERwHJHt8vy0Qfub2Wnalsmxc.wzDuaCsgE1e3wVcyNFoe', '', 1, '2016-12-21 17:14:24', '2016-12-22 11:55:13'),
(1908, 2, 776, 'scissorunisexsalon@gmail.com', '$2y$10$HDkFogsCIq9KC27TF5a71uCSCyICbRl3ror3Uvya2kV8/2MMEbPba', '', 1, '2016-12-21 17:41:52', '2016-12-21 18:05:25'),
(1909, 2, 777, 'divyachakraborty89@gmail.com', '$2y$10$Tm1U6FJxZ77lbR/euwQNbe4shWUu17stWvUfmDwXCoco.GOKb032S', '', 1, '2016-12-21 17:41:52', '2016-12-22 11:50:44'),
(1910, 2, 778, 'looksessencia@gmail.com', '$2y$10$CM6lQLu7iKsL9325Y/TU1eRGOAiKfrvK30krOWOJEoq.SEmzMGe9W', '', 1, '2016-12-21 17:41:52', '2016-12-22 11:49:45'),
(1911, 2, 779, 'pacificbeautysalon@gmail.com', '$2y$10$OrAp2ifCq633PyzgkQhA0u2mgG7PsmP4TyGSDS6UazfRt8qudnsWG', '', 1, '2016-12-21 17:41:52', '2016-12-22 11:49:18'),
(1912, 2, 780, 'attrectionbeautyparlour@gmail.com', '$2y$10$7VAcWAoZcgcu055zSW.GMudwClpHjH2ZuwAgQjeWQ2o41q/BCnYvS', '', 1, '2016-12-21 17:49:45', '2016-12-22 11:48:41'),
(1913, 2, 781, 'rrunisexsalon@gmail.com', '$2y$10$1ZhQqboWhRCx7JQVcMfQxeexdFkPVJYg5MOqgUGo.lXqKzje4pzje', '', 1, '2016-12-21 17:49:45', '2016-12-22 11:45:31'),
(1914, 2, 782, 'themastersalon@gmail.com', '$2y$10$z3KRfkODzibsWGVby/mJAulCfB0oB/AZjoYTVrKG1RyDIPW6qNHfq', '', 1, '2016-12-21 18:00:31', '2016-12-21 18:00:31'),
(1915, 2, 783, 'glowshine@gmail.com', '$2y$10$oV.b5yN8TMFqdB46gmzeXOwQxbW06WyAgXdzP1GubOW6bfo2OL1oi', '', 1, '2016-12-21 18:00:31', '2016-12-21 18:00:31'),
(1916, 2, 784, 'suryabeautysalon@outlook.com', '$2y$10$N2RSXdLiZJn.KTOMlRLpju1KjOFPCeQnq20drC9BBZr/braIoiUX6', '', 1, '2016-12-21 18:00:31', '2016-12-21 18:00:31'),
(1917, 2, 785, 'kamini.286@rediffmail.com', '$2y$10$/Wve7qL3xKP8ct5qR3c3mOOatMjxNBh2gmAQZd6K4Cvam/WsxOsr2', '', 1, '2016-12-21 18:05:41', '2016-12-21 18:05:41'),
(1918, 2, 786, 'neetukundiya@gmail.com', '$2y$10$j2D9Sbtb2H7iU6QvH1soF.njpYi.poWtz8d9mBqshxX5S06iipgB.', '', 1, '2016-12-21 18:05:41', '2016-12-22 11:59:10'),
(1919, 5, 1, 'sarathkumar.t@roamsoft.in', '$2y$10$uKcvYRK0HWMtEA06NX3bQu8V3GU6zwOBPjwJ0n.wY4OMYkQRBuvYW', '', 1, '2016-12-22 11:21:30', '2016-12-22 11:21:30'),
(1920, 2, 787, 'devnathgopal@outlook.com', '$2y$10$Tx7ywVszILDwV85v0iaRpe//fj9EC//j1OrQ8G/ufz2gMAv9zaXIK', '', 1, '2016-12-22 11:34:03', '2016-12-22 11:58:22'),
(1921, 2, 788, 'yk837688@gmail.com', '$2y$10$7o1a/4kq80AfKx555vRzROCq5voFHcd9BLqmUetNzKaHit/u8YmXO', '', 1, '2016-12-22 11:34:03', '2016-12-22 11:57:24'),
(1922, 2, 789, 'bijender458@rediffmail.com', '$2y$10$fruab2DarpWiwJqp/BiPHuuZJXZcaBrLHbJ5apC.ZEj/1cIepg5Mq', '', 1, '2016-12-22 11:34:03', '2016-12-22 11:56:35'),
(1923, 2, 790, 'vkmehandiart94@gmail.com', '$2y$10$y0EAU/cu1rCK72ixKAUXI.YG/Da1uoh9vCbwRo55PVm4yI1zJEK9G', '', 1, '2016-12-22 11:34:03', '2016-12-22 11:43:44'),
(1924, 5, 2, 'mazar.khan458@gmail.com', '$2y$10$S2OsNgeItilhwMPStCHMIO9.sdaFYxH0xfexCvnWAAjTqKlk9MVZK', '', 1, '2016-12-22 12:20:56', '2016-12-22 12:20:56'),
(1925, 2, 791, 'umsh458@rediffmail.com', '$2y$10$dIY0f09mS07gb8ThLywQK.jjM3qP6SK6YI9q.evyNCV2pSPX3sY6u', '', 1, '2016-12-22 12:21:05', '2016-12-22 12:21:05'),
(1926, 2, 792, 'anilmehandiart@gmail.com', '$2y$10$TCH.QnbMbd6VFg6eHT1eEuPP//Ul2WTr9mEVLXjB7sp9DdxRkJpQi', '', 1, '2016-12-22 12:21:05', '2016-12-22 12:21:05'),
(1927, 2, 793, 'Deepakchakarborthy29@outlook.com', '$2y$10$tzvhNmAiTSuTMU.PZE8hKODSQaecE4HXDVGKJTI3.TnpueA941J/G', '', 1, '2016-12-22 12:21:05', '2016-12-22 12:21:05'),
(1928, 2, 794, 'aruntattoo2a@gmail.com', '$2y$10$jMG33KtOn7DImQYvnb9lf.DvOaf29Wwbl3CClL574Upmby3691zuu', '', 1, '2016-12-22 12:21:05', '2016-12-22 12:21:05'),
(1929, 2, 795, 'ranjitandjyatimehandidesigner@gmail.com', '$2y$10$crnQKHZnE.6x5psE7fa9UOMSSXDV9q6D8AFQkHi1DFxNPrxxzi4qG', '', 1, '2016-12-22 12:21:05', '2016-12-22 12:21:05'),
(1930, 5, 3, 'muskaan@klikly.in', '$2y$10$PsqaC//5Dp0cv/aQJ5BaJuO2uXUPgZd3duwprAqwLg2WT7FN7hWla', '', 1, '2016-12-22 12:24:50', '2016-12-22 12:24:50'),
(1931, 2, 796, 'info@rajmehandiwala.com', '$2y$10$lPlLzgXRReoAIyj6x7bwvOzMBkWK25fZai42UR4v4APE7bWlflWwS', '', 1, '2016-12-22 12:25:55', '2016-12-22 12:25:55'),
(1932, 2, 797, 'sudamakumar@yahoo.com', '$2y$10$9PMT76SqyhJQv.UcgFxTK.w0uRQ0iVsH/ri/2H1vcq1DAGSUeBd22', '', 1, '2016-12-22 12:25:55', '2016-12-22 12:25:55'),
(1933, 2, 798, 'vickykumar20@hotmail.com', '$2y$10$donRNEq/ORuhs8E9SPsgJu.69arirGyAhFWc2bm6d3ptvzCuv0Ndm', '', 1, '2016-12-22 12:25:55', '2016-12-22 12:25:55'),
(1934, 2, 799, 'kaman8026@gmail.com', '$2y$10$ohY6AYWaoeBhWlDOnr/MKeYQkI9gE98DK5u15UodVi8jbk6gBaN2O', '', 1, '2016-12-22 12:25:55', '2016-12-22 12:25:55');

--
-- Indexes for dumped tables
--

--
-- Indexes for table `customers`
--
ALTER TABLE `customers`
  ADD PRIMARY KEY (`id`);

--
-- Indexes for table `formfield_answers`
--
ALTER TABLE `formfield_answers`
  ADD PRIMARY KEY (`id`);

--
-- Indexes for table `form_fields`
--
ALTER TABLE `form_fields`
  ADD PRIMARY KEY (`id`);

--
-- Indexes for table `languages`
--
ALTER TABLE `languages`
  ADD PRIMARY KEY (`id`);

--
-- Indexes for table `main_categories`
--
ALTER TABLE `main_categories`
  ADD PRIMARY KEY (`id`),
  ADD KEY `id_parentid` (`id`),
  ADD KEY `parentid_status` (`status`);

--
-- Indexes for table `memberships`
--
ALTER TABLE `memberships`
  ADD PRIMARY KEY (`id`);

--
-- Indexes for table `projectanswers`
--
ALTER TABLE `projectanswers`
  ADD PRIMARY KEY (`id`);

--
-- Indexes for table `projects`
--
ALTER TABLE `projects`
  ADD PRIMARY KEY (`id`);

--
-- Indexes for table `serviceproviders`
--
ALTER TABLE `serviceproviders`
  ADD PRIMARY KEY (`id`);

--
-- Indexes for table `siblings`
--
ALTER TABLE `siblings`
  ADD PRIMARY KEY (`id`);

--
-- Indexes for table `sitesettings`
--
ALTER TABLE `sitesettings`
  ADD PRIMARY KEY (`id`);

--
-- Indexes for table `sitesettings_old`
--
ALTER TABLE `sitesettings_old`
  ADD PRIMARY KEY (`id`);

--
-- Indexes for table `sub_categories`
--
ALTER TABLE `sub_categories`
  ADD PRIMARY KEY (`id`),
  ADD KEY `id_parentid` (`id`,`main_category_id`),
  ADD KEY `parentid_status` (`main_category_id`,`status`);

--
-- Indexes for table `users`
--
ALTER TABLE `users`
  ADD PRIMARY KEY (`id`),
  ADD KEY `role_id` (`role_id`);

--
-- Indexes for table `users_22-12-2016`
--
ALTER TABLE `users_22-12-2016`
  ADD PRIMARY KEY (`id`),
  ADD KEY `role_id` (`role_id`);

--
-- AUTO_INCREMENT for dumped tables
--

--
-- AUTO_INCREMENT for table `customers`
--
ALTER TABLE `customers`
  MODIFY `id` int(11) NOT NULL AUTO_INCREMENT, AUTO_INCREMENT=4;
--
-- AUTO_INCREMENT for table `formfield_answers`
--
ALTER TABLE `formfield_answers`
  MODIFY `id` int(11) NOT NULL AUTO_INCREMENT, AUTO_INCREMENT=38;
--
-- AUTO_INCREMENT for table `form_fields`
--
ALTER TABLE `form_fields`
  MODIFY `id` int(11) NOT NULL AUTO_INCREMENT, AUTO_INCREMENT=7;
--
-- AUTO_INCREMENT for table `languages`
--
ALTER TABLE `languages`
  MODIFY `id` int(11) NOT NULL AUTO_INCREMENT, AUTO_INCREMENT=3;
--
-- AUTO_INCREMENT for table `main_categories`
--
ALTER TABLE `main_categories`
  MODIFY `id` int(11) NOT NULL AUTO_INCREMENT, AUTO_INCREMENT=20;
--
-- AUTO_INCREMENT for table `memberships`
--
ALTER TABLE `memberships`
  MODIFY `id` int(11) NOT NULL AUTO_INCREMENT;
--
-- AUTO_INCREMENT for table `projectanswers`
--
ALTER TABLE `projectanswers`
  MODIFY `id` int(11) NOT NULL AUTO_INCREMENT, AUTO_INCREMENT=21;
--
-- AUTO_INCREMENT for table `projects`
--
ALTER TABLE `projects`
  MODIFY `id` int(11) NOT NULL AUTO_INCREMENT, AUTO_INCREMENT=5;
--
-- AUTO_INCREMENT for table `serviceproviders`
--
ALTER TABLE `serviceproviders`
  MODIFY `id` int(11) NOT NULL AUTO_INCREMENT, AUTO_INCREMENT=2;
--
-- AUTO_INCREMENT for table `siblings`
--
ALTER TABLE `siblings`
  MODIFY `id` int(11) NOT NULL AUTO_INCREMENT, AUTO_INCREMENT=16;
--
-- AUTO_INCREMENT for table `sitesettings`
--
ALTER TABLE `sitesettings`
  MODIFY `id` int(10) NOT NULL AUTO_INCREMENT, AUTO_INCREMENT=2;
--
-- AUTO_INCREMENT for table `sitesettings_old`
--
ALTER TABLE `sitesettings_old`
  MODIFY `id` int(11) NOT NULL AUTO_INCREMENT, AUTO_INCREMENT=3;
--
-- AUTO_INCREMENT for table `sub_categories`
--
ALTER TABLE `sub_categories`
  MODIFY `id` int(11) NOT NULL AUTO_INCREMENT, AUTO_INCREMENT=27;
--
-- AUTO_INCREMENT for table `users`
--
ALTER TABLE `users`
  MODIFY `id` int(11) NOT NULL AUTO_INCREMENT, AUTO_INCREMENT=8;
--
-- AUTO_INCREMENT for table `users_22-12-2016`
--
ALTER TABLE `users_22-12-2016`
  MODIFY `id` int(11) NOT NULL AUTO_INCREMENT, AUTO_INCREMENT=1935;COMMIT;

/*!40101 SET CHARACTER_SET_CLIENT=@OLD_CHARACTER_SET_CLIENT */;
/*!40101 SET CHARACTER_SET_RESULTS=@OLD_CHARACTER_SET_RESULTS */;
/*!40101 SET COLLATION_CONNECTION=@OLD_COLLATION_CONNECTION */;
